ItemID,Participant,Block,TrialOrder,Response,RT,Session,Item_Pinyin,ASCII,Item_ZhuyinFuhao,OnsetC
1,20,6,932,1,15,1,zhvn1,Zyn1,ㄓㄩㄣ,Z
1,8,6,876,1,1250,1,zhvn1,Zyn1,ㄓㄩㄣ,Z
1,1,1,107,0,521,1,zhvn1,Zyn1,ㄓㄩㄣ,Z
1,2,10,1451,0,745,1,zhvn1,Zyn1,ㄓㄩㄣ,Z
1,22,1,96,1,3127,1,zhvn1,Zyn1,ㄓㄩㄣ,Z
18,1,8,1148,0,880,1,biu2,piou2,ㄅㄧㄡˊ,p
18,22,9,1341,0,1461,1,biu2,piou2,ㄅㄧㄡˊ,p
18,20,2,271,1,84,1,biu2,piou2,ㄅㄧㄡˊ,p
18,2,10,1515,0,1551,1,biu2,piou2,ㄅㄧㄡˊ,p
18,8,9,1379,1,491,1,biu2,piou2,ㄅㄧㄡˊ,p
21,1,2,173,0,894,1,zhuai2,Zuai2,ㄓㄨㄞˊ,Z
21,20,10,1489,1,401,1,zhuai2,Zuai2,ㄓㄨㄞˊ,Z
21,22,8,1182,1,2753,1,zhuai2,Zuai2,ㄓㄨㄞˊ,Z
21,8,3,421,0,1306,1,zhuai2,Zuai2,ㄓㄨㄞˊ,Z
21,2,7,982,0,16,1,zhuai2,Zuai2,ㄓㄨㄞˊ,Z
34,1,6,852,0,595,1,zhiu2,Ziou2,ㄓㄧㄡˊ,Z
34,2,6,922,0,518,1,zhiu2,Ziou2,ㄓㄧㄡˊ,Z
34,8,9,1286,0,675,1,zhiu2,Ziou2,ㄓㄧㄡˊ,Z
34,20,5,713,1,11,1,zhiu2,Ziou2,ㄓㄧㄡˊ,Z
34,22,10,1537,1,2362,1,zhiu2,Ziou2,ㄓㄧㄡˊ,Z
45,1,10,1558,0,975,1,zhia3,Zia3,ㄓㄧㄚˇ,Z
45,20,8,1247,1,9,1,zhia3,Zia3,ㄓㄧㄚˇ,Z
45,8,9,1292,0,929,1,zhia3,Zia3,ㄓㄧㄚˇ,Z
45,2,3,479,0,7,1,zhia3,Zia3,ㄓㄧㄚˇ,Z
45,22,2,258,0,3050,1,zhia3,Zia3,ㄓㄧㄚˇ,Z
84,22,3,339,0,2748,1,zhun4,Zun4,ㄓㄨㄣˋ,Z
84,20,5,785,1,246,1,zhun4,Zun4,ㄓㄨㄣˋ,Z
84,8,2,174,1,1532,1,zhun4,Zun4,ㄓㄨㄣˋ,Z
84,1,7,995,0,1801,1,zhun4,Zun4,ㄓㄨㄣˋ,Z
84,2,2,167,0,1795,1,zhun4,Zun4,ㄓㄨㄣˋ,Z
101,8,3,454,0,2921,1,zhve1,Zy^1,ㄓㄩㄜ,Z
101,22,6,845,0,1673,1,zhve1,Zy^1,ㄓㄩㄜ,Z
101,20,2,167,1,226,1,zhve1,Zy^1,ㄓㄩㄜ,Z
101,2,9,1427,0,808,1,zhve1,Zy^1,ㄓㄩㄜ,Z
101,1,5,688,0,503,1,zhve1,Zy^1,ㄓㄩㄜ,Z
115,2,3,433,0,2613,1,zhvou4,Zyou4,ㄓㄩㄡˋ,Z
115,20,7,1003,1,264,1,zhvou4,Zyou4,ㄓㄩㄡˋ,Z
115,22,9,1327,0,467,1,zhvou4,Zyou4,ㄓㄩㄡˋ,Z
115,8,9,1300,1,752,1,zhvou4,Zyou4,ㄓㄩㄡˋ,Z
115,1,10,1447,0,151,1,zhvou4,Zyou4,ㄓㄩㄡˋ,Z
130,1,3,361,0,1261,1,zhiong4,ZioN4,ㄓㄩㄥˋ,Z
130,2,7,1099,0,2075,1,zhiong4,ZioN4,ㄓㄩㄥˋ,Z
130,22,1,159,0,3161,1,zhiong4,ZioN4,ㄓㄩㄥˋ,Z
130,8,6,935,0,621,1,zhiong4,ZioN4,ㄓㄩㄥˋ,Z
130,20,7,1083,1,179,1,zhiong4,ZioN4,ㄓㄩㄥˋ,Z
131,8,1,80,1,1741,1,zhiao1,Ziau1,ㄓㄧㄠ,Z
131,22,9,1406,0,566,1,zhiao1,Ziau1,ㄓㄧㄠ,Z
131,1,6,960,0,740,1,zhiao1,Ziau1,ㄓㄧㄠ,Z
131,20,10,1534,1,208,1,zhiao1,Ziau1,ㄓㄧㄠ,Z
131,2,4,582,0,1557,1,zhiao1,Ziau1,ㄓㄧㄠ,Z
142,8,8,1138,0,768,1,zhv2,Zy2,ㄓㄩˊ,Z
142,2,8,1156,0,725,1,zhv2,Zy2,ㄓㄩˊ,Z
142,1,8,1193,0,635,1,zhv2,Zy2,ㄓㄩˊ,Z
142,20,3,367,1,150,1,zhv2,Zy2,ㄓㄩˊ,Z
142,22,8,1211,0,896,1,zhv2,Zy2,ㄓㄩˊ,Z
149,8,10,1457,0,879,1,bvi2,pyei2,ㄅㄩㄟˊ,p
149,20,7,1067,1,115,1,bvi2,pyei2,ㄅㄩㄟˊ,p
149,1,3,410,0,596,1,bvi2,pyei2,ㄅㄩㄟˊ,p
149,22,8,1164,0,730,1,bvi2,pyei2,ㄅㄩㄟˊ,p
149,2,9,1339,0,1445,1,bvi2,pyei2,ㄅㄩㄟˊ,p
156,1,5,664,0,609,1,zhi4,Zi4,ㄓㄧˋ,Z
156,22,2,319,0,1767,1,zhi4,Zi4,ㄓㄧˋ,Z
156,8,9,1402,1,1012,1,zhi4,Zi4,ㄓㄧˋ,Z
156,2,6,945,0,941,1,zhi4,Zi4,ㄓㄧˋ,Z
156,20,5,699,1,225,1,zhi4,Zi4,ㄓㄧˋ,Z
176,2,6,871,0,1695,1,biai1,piai1,ㄅㄧㄞ,p
176,1,8,1169,0,877,1,biai1,piai1,ㄅㄧㄞ,p
176,22,7,1050,0,759,1,biai1,piai1,ㄅㄧㄞ,p
176,8,6,937,1,1411,1,biai1,piai1,ㄅㄧㄞ,p
176,20,2,180,1,39,1,biai1,piai1,ㄅㄧㄞ,p
182,8,2,223,1,3087,1,biai2,piai2,ㄅㄧㄞˊ,p
182,22,6,935,0,1976,1,biai2,piai2,ㄅㄧㄞˊ,p
182,2,1,115,1,1296,1,biai2,piai2,ㄅㄧㄞˊ,p
182,1,7,1116,0,800,1,biai2,piai2,ㄅㄧㄞˊ,p
182,20,6,858,1,54,1,biai2,piai2,ㄅㄧㄞˊ,p
191,22,7,1105,0,1881,1,buo4,puo4,ㄅㄨㄛˋ,p
191,20,9,1420,1,618,1,buo4,puo4,ㄅㄨㄛˋ,p
191,2,5,710,0,856,1,buo4,puo4,ㄅㄨㄛˋ,p
191,1,10,1588,0,1175,1,buo4,puo4,ㄅㄨㄛˋ,p
191,8,2,286,1,1736,1,buo4,puo4,ㄅㄨㄛˋ,p
197,1,9,1427,0,374,1,zhiei4,Ziei4,ㄓㄧㄟˋ,Z
197,20,8,1188,1,255,1,zhiei4,Ziei4,ㄓㄧㄟˋ,Z
197,8,2,232,0,868,1,zhiei4,Ziei4,ㄓㄧㄟˋ,Z
197,22,2,292,1,3391,1,zhiei4,Ziei4,ㄓㄧㄟˋ,Z
197,2,6,925,0,862,1,zhiei4,Ziei4,ㄓㄧㄟˋ,Z
201,2,1,95,0,2102,1,zhuo4,Zuo4,ㄓㄨㄛˋ,Z
201,8,1,105,0,3478,1,zhuo4,Zuo4,ㄓㄨㄛˋ,Z
201,1,7,1108,0,442,1,zhuo4,Zuo4,ㄓㄨㄛˋ,Z
201,22,1,92,0,3233,1,zhuo4,Zuo4,ㄓㄨㄛˋ,Z
201,20,5,796,1,20,1,zhuo4,Zuo4,ㄓㄨㄛˋ,Z
202,2,7,1119,0,1336,1,zhe1,Ze1,ㄓㄝ,Z
202,1,10,1580,0,314,1,zhe1,Ze1,ㄓㄝ,Z
202,20,3,377,1,1,1,zhe1,Ze1,ㄓㄝ,Z
202,8,6,953,0,709,1,zhe1,Ze1,ㄓㄝ,Z
202,22,5,678,1,1455,1,zhe1,Ze1,ㄓㄝ,Z
207,8,2,234,0,1846,1,zhiang2,ZiaN2,ㄓㄧㄤˊ,Z
207,1,3,442,0,1120,1,zhiang2,ZiaN2,ㄓㄧㄤˊ,Z
207,2,10,1562,0,2114,1,zhiang2,ZiaN2,ㄓㄧㄤˊ,Z
207,20,8,1229,1,49,1,zhiang2,ZiaN2,ㄓㄧㄤˊ,Z
207,22,8,1144,0,1202,1,zhiang2,ZiaN2,ㄓㄧㄤˊ,Z
228,22,7,1026,0,1267,1,zhuai4,Zuai4,ㄓㄨㄞˋ,Z
228,20,5,703,1,23,1,zhuai4,Zuai4,ㄓㄨㄞˋ,Z
228,1,8,1140,1,1448,1,zhuai4,Zuai4,ㄓㄨㄞˋ,Z
228,2,2,256,0,1450,1,zhuai4,Zuai4,ㄓㄨㄞˋ,Z
228,8,10,1450,0,608,1,zhuai4,Zuai4,ㄓㄨㄞˋ,Z
237,1,4,541,0,1901,1,zhe4,Ze4,ㄓㄝˋ,Z
237,22,3,395,1,2201,1,zhe4,Ze4,ㄓㄝˋ,Z
237,8,8,1226,1,597,1,zhe4,Ze4,ㄓㄝˋ,Z
237,20,8,1129,1,193,1,zhe4,Ze4,ㄓㄝˋ,Z
237,2,1,52,0,2512,1,zhe4,Ze4,ㄓㄝˋ,Z
245,2,8,1246,0,776,1,zhue4,Zue4,ㄓㄨㄝˋ,Z
245,8,3,437,0,965,1,zhue4,Zue4,ㄓㄨㄝˋ,Z
245,22,5,772,1,1654,1,zhue4,Zue4,ㄓㄨㄝˋ,Z
245,20,2,267,1,60,1,zhue4,Zue4,ㄓㄨㄝˋ,Z
245,1,10,1547,0,379,1,zhue4,Zue4,ㄓㄨㄝˋ,Z
268,1,5,733,0,1089,1,bing2,piN2,ㄅㄧㄥˊ,p
268,2,9,1363,0,914,1,bing2,piN2,ㄅㄧㄥˊ,p
268,22,7,1016,0,1540,1,bing2,piN2,ㄅㄧㄥˊ,p
268,20,6,878,1,123,1,bing2,piN2,ㄅㄧㄥˊ,p
268,8,4,526,1,1520,1,bing2,piN2,ㄅㄧㄥˊ,p
278,1,5,648,0,724,1,bio1,pio1,ㄅㄧㄛ,p
278,20,4,632,1,22,1,bio1,pio1,ㄅㄧㄛ,p
278,8,5,642,0,833,1,bio1,pio1,ㄅㄧㄛ,p
278,2,3,417,0,2235,1,bio1,pio1,ㄅㄧㄛ,p
278,22,4,584,0,857,1,bio1,pio1,ㄅㄧㄛ,p
286,1,6,898,0,699,1,bui3,pui3,ㄅㄨㄟˇ,p
286,8,6,822,0,1114,1,bui3,pui3,ㄅㄨㄟˇ,p
286,22,7,975,0,2114,1,bui3,pui3,ㄅㄨㄟˇ,p
286,20,9,1340,1,25,1,bui3,pui3,ㄅㄨㄟˇ,p
286,2,3,329,0,1606,1,bui3,pui3,ㄅㄨㄟˇ,p
298,1,3,420,0,963,1,zhin1,Zin1,ㄓㄧㄣ,Z
298,22,9,1343,0,1084,1,zhin1,Zin1,ㄓㄧㄣ,Z
298,8,1,38,1,1726,1,zhin1,Zin1,ㄓㄧㄣ,Z
298,2,8,1263,0,849,1,zhin1,Zin1,ㄓㄧㄣ,Z
298,20,9,1324,1,182,1,zhin1,Zin1,ㄓㄧㄣ,Z
327,20,10,1450,1,515,1,bvai2,pyai2,ㄅㄩㄞˊ,p
327,2,6,917,0,855,1,bvai2,pyai2,ㄅㄩㄞˊ,p
327,22,6,921,0,1348,1,bvai2,pyai2,ㄅㄩㄞˊ,p
327,1,6,805,0,892,1,bvai2,pyai2,ㄅㄩㄞˊ,p
327,8,9,1303,0,1407,1,bvai2,pyai2,ㄅㄩㄞˊ,p
333,20,3,386,1,34,1,zhing3,ZiN3,ㄓㄧㄥˇ,Z
333,1,9,1304,0,1095,1,zhing3,ZiN3,ㄓㄧㄥˇ,Z
333,8,2,169,1,1345,1,zhing3,ZiN3,ㄓㄧㄥˇ,Z
333,2,1,88,0,2785,1,zhing3,ZiN3,ㄓㄧㄥˇ,Z
333,22,4,585,0,2210,1,zhing3,ZiN3,ㄓㄧㄥˇ,Z
334,22,8,1162,0,1244,1,bvan3,py[n3,ㄅㄩㄢˇ,p
334,1,10,1497,0,518,1,bvan3,py[n3,ㄅㄩㄢˇ,p
334,2,1,44,0,1310,1,bvan3,py[n3,ㄅㄩㄢˇ,p
334,8,2,245,0,2362,1,bvan3,py[n3,ㄅㄩㄢˇ,p
334,20,3,383,1,235,1,bvan3,py[n3,ㄅㄩㄢˇ,p
341,22,10,1559,0,669,1,zhe2,Ze2,ㄓㄝˊ,Z
341,1,2,211,0,948,1,zhe2,Ze2,ㄓㄝˊ,Z
341,2,8,1124,0,1853,1,zhe2,Ze2,ㄓㄝˊ,Z
341,20,10,1500,1,498,1,zhe2,Ze2,ㄓㄝˊ,Z
341,8,2,284,0,1415,1,zhe2,Ze2,ㄓㄝˊ,Z
343,8,5,695,0,782,1,zhiu1,Ziou1,ㄓㄧㄡ,Z
343,1,6,834,0,806,1,zhiu1,Ziou1,ㄓㄧㄡ,Z
343,20,10,1568,1,86,1,zhiu1,Ziou1,ㄓㄧㄡ,Z
343,2,1,48,0,1571,1,zhiu1,Ziou1,ㄓㄧㄡ,Z
343,22,5,730,0,1807,1,zhiu1,Ziou1,ㄓㄧㄡ,Z
360,20,2,312,1,138,1,zho1,Zo1,ㄓㄛ,Z
360,22,3,389,1,2133,1,zho1,Zo1,ㄓㄛ,Z
360,2,5,728,0,3532,1,zho1,Zo1,ㄓㄛ,Z
360,8,3,428,0,958,1,zho1,Zo1,ㄓㄛ,Z
360,1,5,754,0,785,1,zho1,Zo1,ㄓㄛ,Z
376,1,9,1297,0,222,1,bvai1,pyai1,ㄅㄩㄞ,p
376,2,2,184,0,2473,1,bvai1,pyai1,ㄅㄩㄞ,p
376,8,10,1588,0,489,1,bvai1,pyai1,ㄅㄩㄞ,p
376,22,2,214,0,1368,1,bvai1,pyai1,ㄅㄩㄞ,p
376,20,5,668,1,245,1,bvai1,pyai1,ㄅㄩㄞ,p
385,22,1,131,1,2291,1,bvao3,pyau3,ㄅㄩㄠˇ,p
385,8,9,1359,1,358,1,bvao3,pyau3,ㄅㄩㄠˇ,p
385,20,7,1013,1,228,1,bvao3,pyau3,ㄅㄩㄠˇ,p
385,1,1,51,0,1214,1,bvao3,pyau3,ㄅㄩㄠˇ,p
385,2,10,1500,0,1426,1,bvao3,pyau3,ㄅㄩㄠˇ,p
391,2,8,1220,0,484,1,zho3,Zo3,ㄓㄛˇ,Z
391,22,7,1103,0,2569,1,zho3,Zo3,ㄓㄛˇ,Z
391,20,9,1310,1,228,1,zho3,Zo3,ㄓㄛˇ,Z
391,1,4,609,0,206,1,zho3,Zo3,ㄓㄛˇ,Z
391,8,4,528,0,2212,1,zho3,Zo3,ㄓㄛˇ,Z
392,22,2,261,0,3244,1,buang4,puaN4,ㄅㄨㄤˋ,p
392,20,5,682,1,220,1,buang4,puaN4,ㄅㄨㄤˋ,p
392,1,8,1170,0,1435,1,buang4,puaN4,ㄅㄨㄤˋ,p
392,2,9,1436,1,1324,1,buang4,puaN4,ㄅㄨㄤˋ,p
392,8,1,71,0,1485,1,buang4,puaN4,ㄅㄨㄤˋ,p
425,20,7,1038,1,28,1,zhiai1,Ziai1,ㄓㄧㄞ,Z
425,8,10,1555,1,860,1,zhiai1,Ziai1,ㄓㄧㄞ,Z
425,22,7,1037,NA,NA,1,zhiai1,Ziai1,ㄓㄧㄞ,Z
425,1,7,1049,0,729,1,zhiai1,Ziai1,ㄓㄧㄞ,Z
425,2,9,1423,0,813,1,zhiai1,Ziai1,ㄓㄧㄞ,Z
434,1,3,472,0,666,1,zheng2,Z^N2,ㄓㄥˊ,Z
434,8,10,1489,0,620,1,zheng2,Z^N2,ㄓㄥˊ,Z
434,22,3,470,1,2115,1,zheng2,Z^N2,ㄓㄥˊ,Z
434,2,4,516,0,1392,1,zheng2,Z^N2,ㄓㄥˊ,Z
434,20,7,1022,1,174,1,zheng2,Z^N2,ㄓㄥˊ,Z
449,2,10,1494,0,827,1,zhuou2,Zuou2,ㄓㄨㄡˊ,Z
449,1,9,1337,0,366,1,zhuou2,Zuou2,ㄓㄨㄡˊ,Z
449,8,5,755,0,1370,1,zhuou2,Zuou2,ㄓㄨㄡˊ,Z
449,20,9,1433,1,501,1,zhuou2,Zuou2,ㄓㄨㄡˊ,Z
449,22,8,1149,0,767,1,zhuou2,Zuou2,ㄓㄨㄡˊ,Z
474,2,8,1178,0,375,1,zhiao4,Ziau4,ㄓㄧㄠˋ,Z
474,1,10,1569,0,747,1,zhiao4,Ziau4,ㄓㄧㄠˋ,Z
474,8,10,1531,1,756,1,zhiao4,Ziau4,ㄓㄧㄠˋ,Z
474,20,8,1215,1,205,1,zhiao4,Ziau4,ㄓㄧㄠˋ,Z
474,22,5,719,0,3153,1,zhiao4,Ziau4,ㄓㄧㄠˋ,Z
476,2,3,449,1,2131,1,zhvou3,Zyou3,ㄓㄩㄡˇ,Z
476,1,8,1184,0,1157,1,zhvou3,Zyou3,ㄓㄩㄡˇ,Z
476,22,3,477,0,3286,1,zhvou3,Zyou3,ㄓㄩㄡˇ,Z
476,20,9,1380,1,571,1,zhvou3,Zyou3,ㄓㄩㄡˇ,Z
476,8,4,634,0,1838,1,zhvou3,Zyou3,ㄓㄩㄡˇ,Z
478,1,4,550,0,553,1,buao1,puau1,ㄅㄨㄠ,p
478,8,7,1107,1,986,1,buao1,puau1,ㄅㄨㄠ,p
478,22,2,311,1,2409,1,buao1,puau1,ㄅㄨㄠ,p
478,2,2,190,0,1059,1,buao1,puau1,ㄅㄨㄠ,p
478,20,3,465,1,92,1,buao1,puau1,ㄅㄨㄠ,p
482,20,9,1370,1,156,1,bvo1,pyo1,ㄅㄩㄛ,p
482,2,2,234,0,1592,1,bvo1,pyo1,ㄅㄩㄛ,p
482,22,6,904,1,1910,1,bvo1,pyo1,ㄅㄩㄛ,p
482,8,5,753,1,1653,1,bvo1,pyo1,ㄅㄩㄛ,p
482,1,5,776,0,610,1,bvo1,pyo1,ㄅㄩㄛ,p
486,1,5,798,0,1466,1,biong2,pioN2,ㄅㄩㄥˊ,p
486,22,3,467,0,2545,1,biong2,pioN2,ㄅㄩㄥˊ,p
486,2,4,552,0,836,1,biong2,pioN2,ㄅㄩㄥˊ,p
486,20,10,1599,1,107,1,biong2,pioN2,ㄅㄩㄥˊ,p
486,8,9,1433,0,782,1,biong2,pioN2,ㄅㄩㄥˊ,p
515,8,6,952,1,808,1,buan3,puan3,ㄅㄨㄢˇ,p
515,2,1,151,1,1516,1,buan3,puan3,ㄅㄨㄢˇ,p
515,20,9,1432,1,62,1,buan3,puan3,ㄅㄨㄢˇ,p
515,22,5,755,0,3220,1,buan3,puan3,ㄅㄨㄢˇ,p
515,1,8,1235,0,1572,1,buan3,puan3,ㄅㄨㄢˇ,p
530,22,3,358,0,2593,1,bue2,pu^2,ㄅㄨㄜˊ,p
530,8,5,646,1,1073,1,bue2,pu^2,ㄅㄨㄜˊ,p
530,20,1,116,1,69,1,bue2,pu^2,ㄅㄨㄜˊ,p
530,2,6,872,0,2154,1,bue2,pu^2,ㄅㄨㄜˊ,p
530,1,7,1053,0,1459,1,bue2,pu^2,ㄅㄨㄜˊ,p
545,22,2,173,0,2683,1,bin2,pin2,ㄅㄧㄣˊ,p
545,20,2,313,1,244,1,bin2,pin2,ㄅㄧㄣˊ,p
545,1,3,465,1,1661,1,bin2,pin2,ㄅㄧㄣˊ,p
545,8,1,92,1,1779,1,bin2,pin2,ㄅㄧㄣˊ,p
545,2,2,193,1,1378,1,bin2,pin2,ㄅㄧㄣˊ,p
572,20,9,1421,1,232,1,zhuang2,ZuaN2,ㄓㄨㄤˊ,Z
572,22,8,1272,0,1453,1,zhuang2,ZuaN2,ㄓㄨㄤˊ,Z
572,1,6,909,1,2340,1,zhuang2,ZuaN2,ㄓㄨㄤˊ,Z
572,2,4,608,1,1474,1,zhuang2,ZuaN2,ㄓㄨㄤˊ,Z
572,8,5,758,0,1600,1,zhuang2,ZuaN2,ㄓㄨㄤˊ,Z
576,1,8,1171,0,1462,1,zhvn4,Zyn4,ㄓㄩㄣˋ,Z
576,22,2,277,0,1557,1,zhvn4,Zyn4,ㄓㄩㄣˋ,Z
576,8,3,465,1,1520,1,zhvn4,Zyn4,ㄓㄩㄣˋ,Z
576,2,6,848,0,1852,1,zhvn4,Zyn4,ㄓㄩㄣˋ,Z
576,20,7,963,1,48,1,zhvn4,Zyn4,ㄓㄩㄣˋ,Z
579,20,4,569,1,174,1,zhiu3,Ziou3,ㄓㄧㄡˇ,Z
579,22,1,138,0,1906,1,zhiu3,Ziou3,ㄓㄧㄡˇ,Z
579,2,5,693,0,1325,1,zhiu3,Ziou3,ㄓㄧㄡˇ,Z
579,1,2,174,0,1951,1,zhiu3,Ziou3,ㄓㄧㄡˇ,Z
579,8,5,787,0,1068,1,zhiu3,Ziou3,ㄓㄧㄡˇ,Z
582,8,3,338,1,1984,1,biei1,piei1,ㄅㄧㄟ,p
582,22,8,1227,0,655,1,biei1,piei1,ㄅㄧㄟ,p
582,2,8,1191,0,762,1,biei1,piei1,ㄅㄧㄟ,p
582,1,1,122,0,865,1,biei1,piei1,ㄅㄧㄟ,p
582,20,9,1411,1,621,1,biei1,piei1,ㄅㄧㄟ,p
583,1,6,857,0,1054,1,zhvan3,Zy[n3,ㄓㄩㄢˇ,Z
583,22,7,1110,0,2458,1,zhvan3,Zy[n3,ㄓㄩㄢˇ,Z
583,20,6,814,1,363,1,zhvan3,Zy[n3,ㄓㄩㄢˇ,Z
583,8,7,1062,1,777,1,zhvan3,Zy[n3,ㄓㄩㄢˇ,Z
583,2,7,1000,0,2858,1,zhvan3,Zy[n3,ㄓㄩㄢˇ,Z
584,20,4,610,1,90,1,zhie4,Zi^4,ㄓㄧㄜˋ,Z
584,1,1,138,0,889,1,zhie4,Zi^4,ㄓㄧㄜˋ,Z
584,8,7,973,1,493,1,zhie4,Zi^4,ㄓㄧㄜˋ,Z
584,22,3,355,1,2348,1,zhie4,Zi^4,ㄓㄧㄜˋ,Z
584,2,8,1201,0,808,1,zhie4,Zi^4,ㄓㄧㄜˋ,Z
601,1,9,1357,0,585,1,bio4,pio4,ㄅㄧㄛˋ,p
601,22,1,128,0,1599,1,bio4,pio4,ㄅㄧㄛˋ,p
601,2,7,969,0,1389,1,bio4,pio4,ㄅㄧㄛˋ,p
601,20,8,1176,1,107,1,bio4,pio4,ㄅㄧㄛˋ,p
601,8,8,1197,1,794,1,bio4,pio4,ㄅㄧㄛˋ,p
629,1,8,1153,0,449,1,zhva2,Zya2,ㄓㄩㄚˊ,Z
629,8,6,925,0,1012,1,zhva2,Zya2,ㄓㄩㄚˊ,Z
629,22,4,566,1,2874,1,zhva2,Zya2,ㄓㄩㄚˊ,Z
629,20,7,1031,1,464,1,zhva2,Zya2,ㄓㄩㄚˊ,Z
629,2,9,1301,0,1831,1,zhva2,Zya2,ㄓㄩㄚˊ,Z
634,20,8,1164,1,214,1,bue3,pue3,ㄅㄨㄝˇ,p
634,8,1,55,0,1697,1,bue3,pue3,ㄅㄨㄝˇ,p
634,22,5,709,0,2092,1,bue3,pue3,ㄅㄨㄝˇ,p
634,2,8,1151,0,1053,1,bue3,pue3,ㄅㄨㄝˇ,p
634,1,1,97,0,895,1,bue3,pue3,ㄅㄨㄝˇ,p
654,8,6,893,1,1234,1,bvi3,pyei3,ㄅㄩㄟˇ,p
654,2,8,1234,0,526,1,bvi3,pyei3,ㄅㄩㄟˇ,p
654,22,9,1389,0,663,1,bvi3,pyei3,ㄅㄩㄟˇ,p
654,1,4,578,0,399,1,bvi3,pyei3,ㄅㄩㄟˇ,p
654,20,4,593,1,6,1,bvi3,pyei3,ㄅㄩㄟˇ,p
657,20,5,766,1,46,1,bun4,pun4,ㄅㄨㄣˋ,p
657,1,3,459,0,1660,1,bun4,pun4,ㄅㄨㄣˋ,p
657,22,6,809,0,1098,1,bun4,pun4,ㄅㄨㄣˋ,p
657,2,10,1506,0,741,1,bun4,pun4,ㄅㄨㄣˋ,p
657,8,6,821,0,2786,1,bun4,pun4,ㄅㄨㄣˋ,p
669,20,7,970,1,332,1,bua3,pua3,ㄅㄨㄚˇ,p
669,8,2,314,1,2732,1,bua3,pua3,ㄅㄨㄚˇ,p
669,1,5,715,0,1335,1,bua3,pua3,ㄅㄨㄚˇ,p
669,22,5,689,NA,NA,1,bua3,pua3,ㄅㄨㄚˇ,p
669,2,5,718,0,2934,1,bua3,pua3,ㄅㄨㄚˇ,p
684,8,1,118,0,2606,1,zhvai2,Zyai2,ㄓㄩㄞˊ,Z
684,2,9,1406,0,800,1,zhvai2,Zyai2,ㄓㄩㄞˊ,Z
684,20,1,6,1,1046,1,zhvai2,Zyai2,ㄓㄩㄞˊ,Z
684,22,10,1502,0,688,1,zhvai2,Zyai2,ㄓㄩㄞˊ,Z
684,1,8,1267,0,480,1,zhvai2,Zyai2,ㄓㄩㄞˊ,Z
686,22,5,686,0,2431,1,zhi3,Zi3,ㄓㄧˇ,Z
686,1,4,482,0,639,1,zhi3,Zi3,ㄓㄧˇ,Z
686,8,4,584,0,1766,1,zhi3,Zi3,ㄓㄧˇ,Z
686,2,7,980,0,3290,1,zhi3,Zi3,ㄓㄧˇ,Z
686,20,4,504,1,818,1,zhi3,Zi3,ㄓㄧˇ,Z
692,20,3,374,1,191,1,bva1,pya1,ㄅㄩㄚ,p
692,22,6,839,0,1641,1,bva1,pya1,ㄅㄩㄚ,p
692,8,9,1427,0,1413,1,bva1,pya1,ㄅㄩㄚ,p
692,1,7,991,0,584,1,bva1,pya1,ㄅㄩㄚ,p
692,2,8,1233,0,928,1,bva1,pya1,ㄅㄩㄚ,p
693,20,5,646,1,161,1,bvo3,pyo3,ㄅㄩㄛˇ,p
693,2,7,1111,0,1146,1,bvo3,pyo3,ㄅㄩㄛˇ,p
693,22,6,920,0,1562,1,bvo3,pyo3,ㄅㄩㄛˇ,p
693,1,10,1470,0,279,1,bvo3,pyo3,ㄅㄩㄛˇ,p
693,8,9,1336,0,519,1,bvo3,pyo3,ㄅㄩㄛˇ,p
700,20,3,340,1,269,1,bong3,poN3,ㄅㄨㄥˇ,p
700,2,1,22,1,1722,1,bong3,poN3,ㄅㄨㄥˇ,p
700,1,9,1390,0,1156,1,bong3,poN3,ㄅㄨㄥˇ,p
700,22,10,1542,0,631,1,bong3,poN3,ㄅㄨㄥˇ,p
700,8,1,144,0,2331,1,bong3,poN3,ㄅㄨㄥˇ,p
704,20,8,1237,1,239,1,bun2,pun2,ㄅㄨㄣˊ,p
704,1,3,359,0,995,1,bun2,pun2,ㄅㄨㄣˊ,p
704,2,8,1200,0,1614,1,bun2,pun2,ㄅㄨㄣˊ,p
704,8,7,1050,0,989,1,bun2,pun2,ㄅㄨㄣˊ,p
704,22,5,778,0,2097,1,bun2,pun2,ㄅㄨㄣˊ,p
731,2,2,221,0,1316,1,bou2,pou2,ㄅㄡˊ,p
731,8,8,1271,1,704,1,bou2,pou2,ㄅㄡˊ,p
731,22,5,788,0,2234,1,bou2,pou2,ㄅㄡˊ,p
731,20,9,1329,1,45,1,bou2,pou2,ㄅㄡˊ,p
731,1,2,230,0,1486,1,bou2,pou2,ㄅㄡˊ,p
754,8,3,348,1,1917,1,zhvi4,Zyei4,ㄓㄩㄟˋ,Z
754,22,5,653,0,2832,1,zhvi4,Zyei4,ㄓㄩㄟˋ,Z
754,20,3,453,1,217,1,zhvi4,Zyei4,ㄓㄩㄟˋ,Z
754,1,10,1493,0,528,1,zhvi4,Zyei4,ㄓㄩㄟˋ,Z
754,2,1,144,0,3282,1,zhvi4,Zyei4,ㄓㄩㄟˋ,Z
770,8,1,17,1,1321,1,biang1,piaN1,ㄅㄧㄤ,p
770,2,9,1407,1,1192,1,biang1,piaN1,ㄅㄧㄤ,p
770,22,2,211,0,2733,1,biang1,piaN1,ㄅㄧㄤ,p
770,1,7,1087,0,1169,1,biang1,piaN1,ㄅㄧㄤ,p
770,20,10,1517,1,195,1,biang1,piaN1,ㄅㄧㄤ,p
825,1,9,1322,0,574,1,buou2,puou2,ㄅㄨㄡˊ,p
825,8,1,76,0,2702,1,buou2,puou2,ㄅㄨㄡˊ,p
825,20,5,799,1,64,1,buou2,puou2,ㄅㄨㄡˊ,p
825,22,3,363,0,2258,1,buou2,puou2,ㄅㄨㄡˊ,p
825,2,10,1463,0,870,1,buou2,puou2,ㄅㄨㄡˊ,p
832,22,9,1394,0,1149,1,bong4,poN4,ㄅㄨㄥˋ,p
832,8,5,727,1,751,1,bong4,poN4,ㄅㄨㄥˋ,p
832,2,2,302,1,2208,1,bong4,poN4,ㄅㄨㄥˋ,p
832,20,1,18,1,1180,1,bong4,poN4,ㄅㄨㄥˋ,p
832,1,6,955,1,1291,1,bong4,poN4,ㄅㄨㄥˋ,p
864,20,7,968,1,831,1,bie4,pi^4,ㄅㄧㄜˋ,p
864,8,2,260,0,1210,1,bie4,pi^4,ㄅㄧㄜˋ,p
864,2,7,1091,0,894,1,bie4,pi^4,ㄅㄧㄜˋ,p
864,1,6,826,0,690,1,bie4,pi^4,ㄅㄧㄜˋ,p
864,22,2,240,0,1901,1,bie4,pi^4,ㄅㄧㄜˋ,p
879,2,1,71,0,1144,1,zhvn3,Zyn3,ㄓㄩㄣˇ,Z
879,22,5,795,0,2011,1,zhvn3,Zyn3,ㄓㄩㄣˇ,Z
879,8,7,1022,0,399,1,zhvn3,Zyn3,ㄓㄩㄣˇ,Z
879,20,6,957,1,165,1,zhvn3,Zyn3,ㄓㄩㄣˇ,Z
879,1,5,757,0,835,1,zhvn3,Zyn3,ㄓㄩㄣˇ,Z
916,22,8,1157,0,3480,1,zhio2,Zio2,ㄓㄧㄛˊ,Z
916,8,2,225,1,2738,1,zhio2,Zio2,ㄓㄧㄛˊ,Z
916,2,7,1037,0,836,1,zhio2,Zio2,ㄓㄧㄛˊ,Z
916,1,8,1121,0,558,1,zhio2,Zio2,ㄓㄧㄛˊ,Z
916,20,2,294,1,15,1,zhio2,Zio2,ㄓㄧㄛˊ,Z
922,20,9,1376,1,307,1,zhie2,Zi[2,ㄓㄧㄝˊ,Z
922,8,1,20,1,1995,1,zhie2,Zi[2,ㄓㄧㄝˊ,Z
922,1,4,614,0,217,1,zhie2,Zi[2,ㄓㄧㄝˊ,Z
922,2,6,940,0,1465,1,zhie2,Zi[2,ㄓㄧㄝˊ,Z
922,22,4,523,0,1936,1,zhie2,Zi[2,ㄓㄧㄝˊ,Z
923,2,1,132,1,1905,1,zhing1,ZiN1,ㄓㄧㄥ,Z
923,8,2,163,0,2222,1,zhing1,ZiN1,ㄓㄧㄥ,Z
923,20,5,658,1,233,1,zhing1,ZiN1,ㄓㄧㄥ,Z
923,22,4,556,0,2047,1,zhing1,ZiN1,ㄓㄧㄥ,Z
923,1,9,1330,0,261,1,zhing1,ZiN1,ㄓㄧㄥ,Z
926,8,9,1414,1,772,1,zhve4,Zy^4,ㄓㄩㄜˋ,Z
926,2,5,798,0,1161,1,zhve4,Zy^4,ㄓㄩㄜˋ,Z
926,22,8,1232,0,983,1,zhve4,Zy^4,ㄓㄩㄜˋ,Z
926,1,6,849,0,667,1,zhve4,Zy^4,ㄓㄩㄜˋ,Z
926,20,2,191,1,235,1,zhve4,Zy^4,ㄓㄩㄜˋ,Z
934,8,5,738,0,1569,1,zhuou3,Zuou3,ㄓㄨㄡˇ,Z
934,20,10,1492,1,446,1,zhuou3,Zuou3,ㄓㄨㄡˇ,Z
934,22,10,1565,0,1882,1,zhuou3,Zuou3,ㄓㄨㄡˇ,Z
934,1,1,22,0,1127,1,zhuou3,Zuou3,ㄓㄨㄡˇ,Z
934,2,1,142,0,2934,1,zhuou3,Zuou3,ㄓㄨㄡˇ,Z
939,2,1,53,0,1705,1,bue1,pue1,ㄅㄨㄝ,p
939,20,10,1577,1,132,1,bue1,pue1,ㄅㄨㄝ,p
939,1,10,1449,0,7,1,bue1,pue1,ㄅㄨㄝ,p
939,22,3,396,0,2164,1,bue1,pue1,ㄅㄨㄝ,p
939,8,8,1186,1,439,1,bue1,pue1,ㄅㄨㄝ,p
958,2,9,1288,1,1259,1,bian2,pi[n2,ㄅㄧㄢˊ,p
958,1,8,1265,0,1271,1,bian2,pi[n2,ㄅㄧㄢˊ,p
958,20,8,1263,1,244,1,bian2,pi[n2,ㄅㄧㄢˊ,p
958,8,4,481,1,1507,1,bian2,pi[n2,ㄅㄧㄢˊ,p
958,22,5,713,1,3743,1,bian2,pi[n2,ㄅㄧㄢˊ,p
960,20,4,635,1,80,1,zhiu4,Ziou4,ㄓㄧㄡˋ,Z
960,8,2,271,1,2015,1,zhiu4,Ziou4,ㄓㄧㄡˋ,Z
960,22,3,406,1,1011,1,zhiu4,Ziou4,ㄓㄧㄡˋ,Z
960,2,2,169,1,2663,1,zhiu4,Ziou4,ㄓㄧㄡˋ,Z
960,1,2,212,0,1935,1,zhiu4,Ziou4,ㄓㄧㄡˋ,Z
965,8,10,1472,0,894,1,bui1,pui1,ㄅㄨㄟ,p
965,22,10,1561,0,816,1,bui1,pui1,ㄅㄨㄟ,p
965,2,6,908,0,853,1,bui1,pui1,ㄅㄨㄟ,p
965,1,9,1391,0,800,1,bui1,pui1,ㄅㄨㄟ,p
965,20,7,1070,1,125,1,bui1,pui1,ㄅㄨㄟ,p
968,2,1,122,0,2390,1,bang2,paN2,ㄅㄤˊ,p
968,22,7,1080,0,1682,1,bang2,paN2,ㄅㄤˊ,p
968,20,6,822,1,838,1,bang2,paN2,ㄅㄤˊ,p
968,8,9,1385,1,810,1,bang2,paN2,ㄅㄤˊ,p
968,1,7,990,1,2301,1,bang2,paN2,ㄅㄤˊ,p
1004,8,6,873,0,781,1,bve4,py^4,ㄅㄩㄜˋ,p
1004,20,8,1185,1,226,1,bve4,py^4,ㄅㄩㄜˋ,p
1004,1,8,1241,0,458,1,bve4,py^4,ㄅㄩㄜˋ,p
1004,22,8,1161,0,626,1,bve4,py^4,ㄅㄩㄜˋ,p
1004,2,1,120,0,2150,1,bve4,py^4,ㄅㄩㄜˋ,p
1010,20,5,752,1,266,1,zhva3,Zya3,ㄓㄩㄚˇ,Z
1010,1,8,1128,0,117,1,zhva3,Zya3,ㄓㄩㄚˇ,Z
1010,22,3,460,0,2922,1,zhva3,Zya3,ㄓㄩㄚˇ,Z
1010,2,3,426,0,2174,1,zhva3,Zya3,ㄓㄩㄚˇ,Z
1010,8,8,1133,0,761,1,zhva3,Zya3,ㄓㄩㄚˇ,Z
1020,8,3,447,0,1037,1,zhv4,Zy4,ㄓㄩˋ,Z
1020,22,4,531,0,2306,1,zhv4,Zy4,ㄓㄩˋ,Z
1020,2,2,268,0,1446,1,zhv4,Zy4,ㄓㄩˋ,Z
1020,20,4,483,1,207,1,zhv4,Zy4,ㄓㄩˋ,Z
1020,1,3,357,1,2588,1,zhv4,Zy4,ㄓㄩˋ,Z
1064,20,10,1444,1,613,1,zhei3,Zei3,ㄓㄟˇ,Z
1064,8,7,1049,1,901,1,zhei3,Zei3,ㄓㄟˇ,Z
1064,1,10,1522,0,747,1,zhei3,Zei3,ㄓㄟˇ,Z
1064,22,3,425,0,2876,1,zhei3,Zei3,ㄓㄟˇ,Z
1064,2,6,840,0,908,1,zhei3,Zei3,ㄓㄟˇ,Z
1071,20,8,1230,1,28,1,zhian2,Zi[n2,ㄓㄧㄢˊ,Z
1071,2,8,1243,0,1153,1,zhian2,Zi[n2,ㄓㄧㄢˊ,Z
1071,8,7,1094,0,1317,1,zhian2,Zi[n2,ㄓㄧㄢˊ,Z
1071,22,5,769,0,1910,1,zhian2,Zi[n2,ㄓㄧㄢˊ,Z
1071,1,6,878,0,970,1,zhian2,Zi[n2,ㄓㄧㄢˊ,Z
1085,22,8,1137,1,2247,1,zhuao3,Zuau3,ㄓㄨㄠˇ,Z
1085,8,10,1447,0,493,1,zhuao3,Zuau3,ㄓㄨㄠˇ,Z
1085,2,10,1471,0,1034,1,zhuao3,Zuau3,ㄓㄨㄠˇ,Z
1085,20,2,195,1,228,1,zhuao3,Zuau3,ㄓㄨㄠˇ,Z
1085,1,4,634,0,1402,1,zhuao3,Zuau3,ㄓㄨㄠˇ,Z
1110,20,5,645,1,125,1,zhie2,Zi^2,ㄓㄧㄜˊ,Z
1110,22,4,587,1,2262,1,zhie2,Zi^2,ㄓㄧㄜˊ,Z
1110,1,5,796,0,629,1,zhie2,Zi^2,ㄓㄧㄜˊ,Z
1110,8,8,1153,0,670,1,zhie2,Zi^2,ㄓㄧㄜˊ,Z
1110,2,1,157,1,1623,1,zhie2,Zi^2,ㄓㄧㄜˊ,Z
1112,22,5,690,0,2315,1,bio3,pio3,ㄅㄧㄛˇ,p
1112,20,3,390,1,62,1,bio3,pio3,ㄅㄧㄛˇ,p
1112,2,5,794,0,1705,1,bio3,pio3,ㄅㄧㄛˇ,p
1112,8,2,193,0,1367,1,bio3,pio3,ㄅㄧㄛˇ,p
1112,1,1,155,0,664,1,bio3,pio3,ㄅㄧㄛˇ,p
1114,22,4,497,0,3008,1,bvan2,py[n2,ㄅㄩㄢˊ,p
1114,8,4,611,0,2373,1,bvan2,py[n2,ㄅㄩㄢˊ,p
1114,2,2,284,0,1608,1,bvan2,py[n2,ㄅㄩㄢˊ,p
1114,1,7,1098,0,880,1,bvan2,py[n2,ㄅㄩㄢˊ,p
1114,20,6,947,1,204,1,bvan2,py[n2,ㄅㄩㄢˊ,p
1139,22,4,614,0,2546,1,zhan2,Zan2,ㄓㄢˊ,Z
1139,1,7,1097,0,1094,1,zhan2,Zan2,ㄓㄢˊ,Z
1139,2,1,117,1,1476,1,zhan2,Zan2,ㄓㄢˊ,Z
1139,8,10,1554,0,1436,1,zhan2,Zan2,ㄓㄢˊ,Z
1139,20,10,1595,1,115,1,zhan2,Zan2,ㄓㄢˊ,Z
1147,20,6,877,1,143,1,zhve1,Zye1,ㄓㄩㄝ,Z
1147,2,4,577,0,767,1,zhve1,Zye1,ㄓㄩㄝ,Z
1147,22,6,922,0,1478,1,zhve1,Zye1,ㄓㄩㄝ,Z
1147,1,2,187,0,882,1,zhve1,Zye1,ㄓㄩㄝ,Z
1147,8,10,1497,0,506,1,zhve1,Zye1,ㄓㄩㄝ,Z
1153,2,9,1305,0,644,1,zhen2,Z^n2,ㄓㄣˊ,Z
1153,8,8,1264,0,1169,1,zhen2,Z^n2,ㄓㄣˊ,Z
1153,22,10,1472,0,1117,1,zhen2,Z^n2,ㄓㄣˊ,Z
1153,1,6,859,0,1884,1,zhen2,Z^n2,ㄓㄣˊ,Z
1153,20,6,809,1,648,1,zhen2,Z^n2,ㄓㄣˊ,Z
1154,8,8,1241,1,924,1,zhua4,Zua4,ㄓㄨㄚˋ,Z
1154,20,3,479,1,261,1,zhua4,Zua4,ㄓㄨㄚˋ,Z
1154,22,1,99,0,1796,1,zhua4,Zua4,ㄓㄨㄚˋ,Z
1154,2,7,1065,0,1117,1,zhua4,Zua4,ㄓㄨㄚˋ,Z
1154,1,1,79,1,3180,1,zhua4,Zua4,ㄓㄨㄚˋ,Z
1165,22,4,543,0,2127,1,bou1,pou1,ㄅㄡ,p
1165,1,3,432,0,1410,1,bou1,pou1,ㄅㄡ,p
1165,8,1,158,1,2059,1,bou1,pou1,ㄅㄡ,p
1165,2,5,655,1,1174,1,bou1,pou1,ㄅㄡ,p
1165,20,2,179,1,64,1,bou1,pou1,ㄅㄡ,p
1212,1,2,309,0,1348,1,buou1,puou1,ㄅㄨㄡ,p
1212,2,3,452,1,1737,1,buou1,puou1,ㄅㄨㄡ,p
1212,8,2,217,1,2632,1,buou1,puou1,ㄅㄨㄡ,p
1212,20,4,544,1,248,1,buou1,puou1,ㄅㄨㄡ,p
1212,22,6,878,0,1169,1,buou1,puou1,ㄅㄨㄡ,p
1223,1,6,910,0,538,1,zhv3,Zy3,ㄓㄩˇ,Z
1223,8,5,645,0,578,1,zhv3,Zy3,ㄓㄩˇ,Z
1223,2,5,686,0,838,1,zhv3,Zy3,ㄓㄩˇ,Z
1223,22,3,398,0,2926,1,zhv3,Zy3,ㄓㄩˇ,Z
1223,20,3,444,1,198,1,zhv3,Zy3,ㄓㄩˇ,Z
1225,1,2,189,0,761,1,zhio4,Zio4,ㄓㄧㄛˋ,Z
1225,22,10,1474,0,492,1,zhio4,Zio4,ㄓㄧㄛˋ,Z
1225,2,1,110,0,1779,1,zhio4,Zio4,ㄓㄧㄛˋ,Z
1225,20,9,1352,1,69,1,zhio4,Zio4,ㄓㄧㄛˋ,Z
1225,8,8,1161,1,524,1,zhio4,Zio4,ㄓㄧㄛˋ,Z
1234,2,3,326,0,819,1,zhue1,Zue1,ㄓㄨㄝ,Z
1234,20,7,1085,1,167,1,zhue1,Zue1,ㄓㄨㄝ,Z
1234,8,1,155,0,1024,1,zhue1,Zue1,ㄓㄨㄝ,Z
1234,22,3,325,0,3255,1,zhue1,Zue1,ㄓㄨㄝ,Z
1234,1,10,1548,0,334,1,zhue1,Zue1,ㄓㄨㄝ,Z
1253,1,1,27,0,1605,1,ban2,pan2,ㄅㄢˊ,p
1253,22,7,1071,0,1588,1,ban2,pan2,ㄅㄢˊ,p
1253,2,4,571,0,1303,1,ban2,pan2,ㄅㄢˊ,p
1253,8,1,18,1,1940,1,ban2,pan2,ㄅㄢˊ,p
1253,20,6,812,1,46,1,ban2,pan2,ㄅㄢˊ,p
1268,8,1,160,0,2204,1,buai1,puai1,ㄅㄨㄞ,p
1268,22,5,681,0,1963,1,buai1,puai1,ㄅㄨㄞ,p
1268,20,9,1334,1,233,1,buai1,puai1,ㄅㄨㄞ,p
1268,1,7,1099,0,848,1,buai1,puai1,ㄅㄨㄞ,p
1268,2,2,196,0,1650,1,buai1,puai1,ㄅㄨㄞ,p
1270,2,1,4,0,1477,1,bva3,pya3,ㄅㄩㄚˇ,p
1270,20,4,588,1,11,1,bva3,pya3,ㄅㄩㄚˇ,p
1270,22,7,1052,0,2510,1,bva3,pya3,ㄅㄩㄚˇ,p
1270,8,8,1145,0,866,1,bva3,pya3,ㄅㄩㄚˇ,p
1270,1,3,342,0,802,1,bva3,pya3,ㄅㄩㄚˇ,p
1305,20,9,1373,1,5,1,zhuou4,Zuou4,ㄓㄨㄡˋ,Z
1305,22,3,352,NA,NA,1,zhuou4,Zuou4,ㄓㄨㄡˋ,Z
1305,2,10,1577,0,1624,1,zhuou4,Zuou4,ㄓㄨㄡˋ,Z
1305,1,1,99,0,902,1,zhuou4,Zuou4,ㄓㄨㄡˋ,Z
1305,8,8,1259,0,779,1,zhuou4,Zuou4,ㄓㄨㄡˋ,Z
1309,2,4,636,0,1527,1,zhong2,ZoN2,ㄓㄨㄥˊ,Z
1309,8,10,1455,1,1264,1,zhong2,ZoN2,ㄓㄨㄥˊ,Z
1309,1,1,135,0,1674,1,zhong2,ZoN2,ㄓㄨㄥˊ,Z
1309,22,9,1420,0,3041,1,zhong2,ZoN2,ㄓㄨㄥˊ,Z
1309,20,3,413,1,187,1,zhong2,ZoN2,ㄓㄨㄥˊ,Z
1318,8,6,832,0,1155,1,zhve4,Zye4,ㄓㄩㄝˋ,Z
1318,22,2,291,0,2893,1,zhve4,Zye4,ㄓㄩㄝˋ,Z
1318,20,1,131,1,2,1,zhve4,Zye4,ㄓㄩㄝˋ,Z
1318,2,6,902,0,782,1,zhve4,Zye4,ㄓㄩㄝˋ,Z
1318,1,2,288,0,1181,1,zhve4,Zye4,ㄓㄩㄝˋ,Z
1330,22,7,1092,0,1344,1,biong1,pioN1,ㄅㄩㄥ,p
1330,20,5,675,1,49,1,biong1,pioN1,ㄅㄩㄥ,p
1330,1,9,1281,0,584,1,biong1,pioN1,ㄅㄩㄥ,p
1330,2,8,1267,0,686,1,biong1,pioN1,ㄅㄩㄥ,p
1330,8,6,826,0,959,1,biong1,pioN1,ㄅㄩㄥ,p
1345,2,9,1410,0,1334,1,zhiang4,ZiaN4,ㄓㄧㄤˋ,Z
1345,22,1,114,NA,NA,1,zhiang4,ZiaN4,ㄓㄧㄤˋ,Z
1345,1,5,721,0,682,1,zhiang4,ZiaN4,ㄓㄧㄤˋ,Z
1345,8,9,1390,0,420,1,zhiang4,ZiaN4,ㄓㄧㄤˋ,Z
1345,20,9,1333,1,56,1,zhiang4,ZiaN4,ㄓㄧㄤˋ,Z
1354,22,5,646,0,1508,1,zhue2,Zue2,ㄓㄨㄝˊ,Z
1354,2,7,984,0,1365,1,zhue2,Zue2,ㄓㄨㄝˊ,Z
1354,1,2,239,0,1239,1,zhue2,Zue2,ㄓㄨㄝˊ,Z
1354,20,1,136,1,111,1,zhue2,Zue2,ㄓㄨㄝˊ,Z
1354,8,3,370,0,1021,1,zhue2,Zue2,ㄓㄨㄝˊ,Z
1355,22,10,1532,0,857,1,be4,p^4,ㄅㄜˋ,p
1355,8,10,1507,0,983,1,be4,p^4,ㄅㄜˋ,p
1355,1,10,1576,0,843,1,be4,p^4,ㄅㄜˋ,p
1355,2,3,327,1,1437,1,be4,p^4,ㄅㄜˋ,p
1355,20,4,559,1,184,1,be4,p^4,ㄅㄜˋ,p
1358,8,8,1130,1,926,1,buao4,puau4,ㄅㄨㄠˋ,p
1358,1,1,91,0,824,1,buao4,puau4,ㄅㄨㄠˋ,p
1358,2,4,511,0,2759,1,buao4,puau4,ㄅㄨㄠˋ,p
1358,22,3,454,1,2313,1,buao4,puau4,ㄅㄨㄠˋ,p
1358,20,3,397,1,220,1,buao4,puau4,ㄅㄨㄠˋ,p
1365,20,8,1235,1,23,1,zho4,Zo4,ㄓㄛˋ,Z
1365,1,3,452,0,1337,1,zho4,Zo4,ㄓㄛˋ,Z
1365,22,2,299,0,2082,1,zho4,Zo4,ㄓㄛˋ,Z
1365,8,7,971,0,1135,1,zho4,Zo4,ㄓㄛˋ,Z
1365,2,3,341,0,973,1,zho4,Zo4,ㄓㄛˋ,Z
1367,20,3,380,1,198,1,zhuao1,Zuau1,ㄓㄨㄠ,Z
1367,2,3,359,0,1259,1,zhuao1,Zuau1,ㄓㄨㄠ,Z
1367,8,1,121,0,1712,1,zhuao1,Zuau1,ㄓㄨㄠ,Z
1367,1,1,71,0,1790,1,zhuao1,Zuau1,ㄓㄨㄠ,Z
1367,22,2,175,0,3092,1,zhuao1,Zuau1,ㄓㄨㄠ,Z
1384,1,9,1299,0,468,1,zhve3,Zye3,ㄓㄩㄝˇ,Z
1384,8,8,1155,0,801,1,zhve3,Zye3,ㄓㄩㄝˇ,Z
1384,20,5,788,1,31,1,zhve3,Zye3,ㄓㄩㄝˇ,Z
1384,22,9,1317,0,706,1,zhve3,Zye3,ㄓㄩㄝˇ,Z
1384,2,6,832,0,1016,1,zhve3,Zye3,ㄓㄩㄝˇ,Z
1402,2,5,759,0,1189,1,zhio1,Zio1,ㄓㄧㄛ,Z
1402,20,2,188,1,17,1,zhio1,Zio1,ㄓㄧㄛ,Z
1402,1,5,730,0,313,1,zhio1,Zio1,ㄓㄧㄛ,Z
1402,22,7,1086,0,2412,1,zhio1,Zio1,ㄓㄧㄛ,Z
1402,8,6,835,1,1529,1,zhio1,Zio1,ㄓㄧㄛ,Z
1408,20,9,1405,1,46,1,zhvan1,Zy[n1,ㄓㄩㄢ,Z
1408,22,1,98,0,3574,1,zhvan1,Zy[n1,ㄓㄩㄢ,Z
1408,2,4,637,NA,NA,1,zhvan1,Zy[n1,ㄓㄩㄢ,Z
1408,8,10,1502,0,605,1,zhvan1,Zy[n1,ㄓㄩㄢ,Z
1408,1,5,689,0,448,1,zhvan1,Zy[n1,ㄓㄩㄢ,Z
1419,8,1,21,0,2431,1,buai4,puai4,ㄅㄨㄞˋ,p
1419,22,5,732,0,1062,1,buai4,puai4,ㄅㄨㄞˋ,p
1419,2,4,558,0,618,1,buai4,puai4,ㄅㄨㄞˋ,p
1419,1,2,213,0,1125,1,buai4,puai4,ㄅㄨㄞˋ,p
1419,20,9,1436,1,234,1,buai4,puai4,ㄅㄨㄞˋ,p
1421,1,4,616,0,330,1,bua2,pua2,ㄅㄨㄚˊ,p
1421,22,7,991,0,1701,1,bua2,pua2,ㄅㄨㄚˊ,p
1421,2,5,669,0,1049,1,bua2,pua2,ㄅㄨㄚˊ,p
1421,8,4,540,0,2428,1,bua2,pua2,ㄅㄨㄚˊ,p
1421,20,9,1402,1,68,1,bua2,pua2,ㄅㄨㄚˊ,p
1424,8,5,643,0,773,1,zhvi3,Zyei3,ㄓㄩㄟˇ,Z
1424,22,7,987,0,3258,1,zhvi3,Zyei3,ㄓㄩㄟˇ,Z
1424,2,5,661,0,613,1,zhvi3,Zyei3,ㄓㄩㄟˇ,Z
1424,1,10,1514,0,384,1,zhvi3,Zyei3,ㄓㄩㄟˇ,Z
1424,20,8,1128,1,166,1,zhvi3,Zyei3,ㄓㄩㄟˇ,Z
1428,2,7,1112,0,906,1,biai4,piai4,ㄅㄧㄞˋ,p
1428,8,5,786,1,825,1,biai4,piai4,ㄅㄧㄞˋ,p
1428,1,5,714,0,1127,1,biai4,piai4,ㄅㄧㄞˋ,p
1428,20,4,624,1,199,1,biai4,piai4,ㄅㄧㄞˋ,p
1428,22,8,1180,1,1151,1,biai4,piai4,ㄅㄧㄞˋ,p
1444,8,2,219,0,1604,1,bve1,pye1,ㄅㄩㄝ,p
1444,22,7,998,0,1843,1,bve1,pye1,ㄅㄩㄝ,p
1444,20,3,323,1,110,1,bve1,pye1,ㄅㄩㄝ,p
1444,1,7,983,0,721,1,bve1,pye1,ㄅㄩㄝ,p
1444,2,8,1143,0,722,1,bve1,pye1,ㄅㄩㄝ,p
1454,22,9,1439,0,685,1,biang3,piaN3,ㄅㄧㄤˇ,p
1454,8,4,489,0,1823,1,biang3,piaN3,ㄅㄧㄤˇ,p
1454,2,6,847,1,1925,1,biang3,piaN3,ㄅㄧㄤˇ,p
1454,1,8,1172,0,424,1,biang3,piaN3,ㄅㄧㄤˇ,p
1454,20,5,771,1,149,1,biang3,piaN3,ㄅㄧㄤˇ,p
1456,1,10,1504,0,760,1,bv1,py1,ㄅㄩ,p
1456,20,6,952,1,226,1,bv1,py1,ㄅㄩ,p
1456,8,8,1134,0,619,1,bv1,py1,ㄅㄩ,p
1456,2,6,931,0,1171,1,bv1,py1,ㄅㄩ,p
1456,22,1,53,0,2309,1,bv1,py1,ㄅㄩ,p
1461,2,8,1253,0,1155,1,zhuan2,Zuan2,ㄓㄨㄢˊ,Z
1461,22,8,1181,0,1594,1,zhuan2,Zuan2,ㄓㄨㄢˊ,Z
1461,1,6,934,0,1338,1,zhuan2,Zuan2,ㄓㄨㄢˊ,Z
1461,20,5,674,1,171,1,zhuan2,Zuan2,ㄓㄨㄢˊ,Z
1461,8,5,713,0,1846,1,zhuan2,Zuan2,ㄓㄨㄢˊ,Z
1467,2,2,320,0,2008,1,zhei4,Zei4,ㄓㄟˋ,Z
1467,20,9,1314,1,84,1,zhei4,Zei4,ㄓㄟˋ,Z
1467,8,4,513,1,1004,1,zhei4,Zei4,ㄓㄟˋ,Z
1467,1,8,1136,0,764,1,zhei4,Zei4,ㄓㄟˋ,Z
1467,22,4,598,0,1622,1,zhei4,Zei4,ㄓㄟˋ,Z
1469,1,6,944,0,756,1,buou4,puou4,ㄅㄨㄡˋ,p
1469,2,3,335,0,1249,1,buou4,puou4,ㄅㄨㄡˋ,p
1469,8,2,294,0,1467,1,buou4,puou4,ㄅㄨㄡˋ,p
1469,22,10,1521,0,744,1,buou4,puou4,ㄅㄨㄡˋ,p
1469,20,2,260,1,430,1,buou4,puou4,ㄅㄨㄡˋ,p
1479,2,4,604,0,711,1,zhue3,Zue3,ㄓㄨㄝˇ,Z
1479,20,4,524,1,384,1,zhue3,Zue3,ㄓㄨㄝˇ,Z
1479,1,6,811,0,474,1,zhue3,Zue3,ㄓㄨㄝˇ,Z
1479,8,10,1577,0,968,1,zhue3,Zue3,ㄓㄨㄝˇ,Z
1479,22,8,1142,0,2931,1,zhue3,Zue3,ㄓㄨㄝˇ,Z
1483,22,3,479,0,2837,1,bvn3,pyn3,ㄅㄩㄣˇ,p
1483,1,7,1068,0,888,1,bvn3,pyn3,ㄅㄩㄣˇ,p
1483,20,2,189,1,161,1,bvn3,pyn3,ㄅㄩㄣˇ,p
1483,2,5,734,0,1111,1,bvn3,pyn3,ㄅㄩㄣˇ,p
1483,8,5,714,1,2754,1,bvn3,pyn3,ㄅㄩㄣˇ,p
1490,2,9,1366,0,914,1,zhie4,Zi[4,ㄓㄧㄝˋ,Z
1490,22,8,1254,1,1611,1,zhie4,Zi[4,ㄓㄧㄝˋ,Z
1490,1,2,283,0,740,1,zhie4,Zi[4,ㄓㄧㄝˋ,Z
1490,20,7,1012,1,133,1,zhie4,Zi[4,ㄓㄧㄝˋ,Z
1490,8,4,488,0,1508,1,zhie4,Zi[4,ㄓㄧㄝˋ,Z
1502,8,2,195,0,2062,1,bve1,py^1,ㄅㄩㄜ,p
1502,2,10,1590,0,744,1,bve1,py^1,ㄅㄩㄜ,p
1502,1,1,77,0,667,1,bve1,py^1,ㄅㄩㄜ,p
1502,20,3,469,1,53,1,bve1,py^1,ㄅㄩㄜ,p
1502,22,5,643,0,873,1,bve1,py^1,ㄅㄩㄜ,p
1503,2,6,904,0,791,1,zhiao3,Ziau3,ㄓㄧㄠˇ,Z
1503,22,8,1206,0,583,1,zhiao3,Ziau3,ㄓㄧㄠˇ,Z
1503,8,5,685,1,3438,1,zhiao3,Ziau3,ㄓㄧㄠˇ,Z
1503,1,1,28,0,1266,1,zhiao3,Ziau3,ㄓㄧㄠˇ,Z
1503,20,2,170,1,219,1,zhiao3,Ziau3,ㄓㄧㄠˇ,Z
1508,1,10,1451,0,513,1,bvi1,pyei1,ㄅㄩㄟ,p
1508,8,8,1135,0,1181,1,bvi1,pyei1,ㄅㄩㄟ,p
1508,2,2,218,0,1532,1,bvi1,pyei1,ㄅㄩㄟ,p
1508,20,8,1154,1,239,1,bvi1,pyei1,ㄅㄩㄟ,p
1508,22,3,449,0,3369,1,bvi1,pyei1,ㄅㄩㄟ,p
1529,22,8,1188,0,1539,1,zhio3,Zio3,ㄓㄧㄛˇ,Z
1529,1,3,428,0,564,1,zhio3,Zio3,ㄓㄧㄛˇ,Z
1529,2,9,1388,0,965,1,zhio3,Zio3,ㄓㄧㄛˇ,Z
1529,8,10,1552,0,534,1,zhio3,Zio3,ㄓㄧㄛˇ,Z
1529,20,8,1158,1,137,1,zhio3,Zio3,ㄓㄧㄛˇ,Z
1552,2,1,37,0,1754,1,bvai4,pyai4,ㄅㄩㄞˋ,p
1552,20,2,298,1,111,1,bvai4,pyai4,ㄅㄩㄞˋ,p
1552,22,4,620,0,1485,1,bvai4,pyai4,ㄅㄩㄞˋ,p
1552,1,1,15,0,1784,1,bvai4,pyai4,ㄅㄩㄞˋ,p
1552,8,9,1373,0,597,1,bvai4,pyai4,ㄅㄩㄞˋ,p
1565,20,2,250,1,109,1,bve3,py^3,ㄅㄩㄜˇ,p
1565,8,2,277,0,1509,1,bve3,py^3,ㄅㄩㄜˇ,p
1565,2,6,875,0,836,1,bve3,py^3,ㄅㄩㄜˇ,p
1565,22,5,729,0,1628,1,bve3,py^3,ㄅㄩㄜˇ,p
1565,1,2,306,0,1053,1,bve3,py^3,ㄅㄩㄜˇ,p
1572,1,3,443,0,983,1,zho2,Zo2,ㄓㄛˊ,Z
1572,20,10,1586,1,93,1,zho2,Zo2,ㄓㄛˊ,Z
1572,8,7,1074,1,756,1,zho2,Zo2,ㄓㄛˊ,Z
1572,22,10,1469,1,1279,1,zho2,Zo2,ㄓㄛˊ,Z
1572,2,8,1194,0,929,1,zho2,Zo2,ㄓㄛˊ,Z
1593,20,9,1317,1,128,1,zhve2,Zy^2,ㄓㄩㄜˊ,Z
1593,1,1,34,0,759,1,zhve2,Zy^2,ㄓㄩㄜˊ,Z
1593,2,8,1137,0,1554,1,zhve2,Zy^2,ㄓㄩㄜˊ,Z
1593,8,6,836,0,787,1,zhve2,Zy^2,ㄓㄩㄜˊ,Z
1593,22,9,1440,0,464,1,zhve2,Zy^2,ㄓㄩㄜˊ,Z
1607,8,12,1872,1,2543,2,zhiao2,Ziau2,ㄓㄧㄠˊ,Z
1607,22,17,2605,0,2270,2,zhiao2,Ziau2,ㄓㄧㄠˊ,Z
1607,2,20,3075,0,2310,2,zhiao2,Ziau2,ㄓㄧㄠˊ,Z
1607,1,13,1944,0,641,2,zhiao2,Ziau2,ㄓㄧㄠˊ,Z
1607,20,20,3081,1,54,2,zhiao2,Ziau2,ㄓㄧㄠˊ,Z
1617,8,15,2304,1,1779,2,zhue3,Zu^3,ㄓㄨㄜˇ,Z
1617,20,15,2388,1,299,2,zhue3,Zu^3,ㄓㄨㄜˇ,Z
1617,2,20,3133,0,218,2,zhue3,Zu^3,ㄓㄨㄜˇ,Z
1617,1,15,2248,0,1016,2,zhue3,Zu^3,ㄓㄨㄜˇ,Z
1617,22,20,3108,0,683,2,zhue3,Zu^3,ㄓㄨㄜˇ,Z
1627,2,14,2139,0,1246,2,bun1,pun1,ㄅㄨㄣ,p
1627,20,13,2008,1,162,2,bun1,pun1,ㄅㄨㄣ,p
1627,1,20,3107,0,1650,2,bun1,pun1,ㄅㄨㄣ,p
1627,22,16,2402,0,1133,2,bun1,pun1,ㄅㄨㄣ,p
1627,8,19,2937,1,1616,2,bun1,pun1,ㄅㄨㄣ,p
1636,8,19,2940,0,2058,2,bvang2,pyaN2,ㄅㄩㄤˊ,p
1636,2,20,3121,0,1495,2,bvang2,pyaN2,ㄅㄩㄤˊ,p
1636,20,20,3095,1,313,2,bvang2,pyaN2,ㄅㄩㄤˊ,p
1636,1,15,2362,0,846,2,bvang2,pyaN2,ㄅㄩㄤˊ,p
1636,22,16,2453,0,958,2,bvang2,pyaN2,ㄅㄩㄤˊ,p
1641,20,17,2621,1,224,2,zhia1,Zia1,ㄓㄧㄚ,Z
1641,2,20,3129,0,712,2,zhia1,Zia1,ㄓㄧㄚ,Z
1641,22,17,2637,0,1259,2,zhia1,Zia1,ㄓㄧㄚ,Z
1641,8,11,1690,1,2114,2,zhia1,Zia1,ㄓㄧㄚ,Z
1641,1,16,2527,0,1830,2,zhia1,Zia1,ㄓㄧㄚ,Z
1650,1,21,3231,0,959,2,zhian1,Zi[n1,ㄓㄧㄢ,Z
1650,22,11,1671,0,1965,2,zhian1,Zi[n1,ㄓㄧㄢ,Z
1650,2,16,2511,0,3784,2,zhian1,Zi[n1,ㄓㄧㄢ,Z
1650,20,20,3097,1,506,2,zhian1,Zi[n1,ㄓㄧㄢ,Z
1650,8,14,2128,1,1565,2,zhian1,Zi[n1,ㄓㄧㄢ,Z
1658,20,17,2699,1,214,2,zhin4,Zin4,ㄓㄧㄣˋ,Z
1658,2,13,1941,0,812,2,zhin4,Zin4,ㄓㄧㄣˋ,Z
1658,8,15,2259,1,1372,2,zhin4,Zin4,ㄓㄧㄣˋ,Z
1658,1,20,3124,0,657,2,zhin4,Zin4,ㄓㄧㄣˋ,Z
1658,22,17,2673,0,747,2,zhin4,Zin4,ㄓㄧㄣˋ,Z
1683,20,20,3113,1,310,2,buo1,puo1,ㄅㄨㄛ,p
1683,8,11,1674,1,1679,2,buo1,puo1,ㄅㄨㄛ,p
1683,22,20,3107,0,1327,2,buo1,puo1,ㄅㄨㄛ,p
1683,2,16,2440,0,1460,2,buo1,puo1,ㄅㄨㄛ,p
1683,1,11,1628,0,3663,2,buo1,puo1,ㄅㄨㄛ,p
1692,2,13,2056,0,2136,2,bvai3,pyai3,ㄅㄩㄞˇ,p
1692,20,19,3007,1,47,2,bvai3,pyai3,ㄅㄩㄞˇ,p
1692,22,15,2392,0,639,2,bvai3,pyai3,ㄅㄩㄞˇ,p
1692,8,11,1689,1,1246,2,bvai3,pyai3,ㄅㄩㄞˇ,p
1692,1,20,3134,0,611,2,bvai3,pyai3,ㄅㄩㄞˇ,p
1707,2,18,2864,0,1351,2,zhi1,Zi1,ㄓㄧ,Z
1707,1,14,2150,0,943,2,zhi1,Zi1,ㄓㄧ,Z
1707,22,14,2086,0,3954,2,zhi1,Zi1,ㄓㄧ,Z
1707,20,18,2879,1,80,2,zhi1,Zi1,ㄓㄧ,Z
1707,8,12,1834,0,2667,2,zhi1,Zi1,ㄓㄧ,Z
1710,22,14,2170,0,1030,2,bva4,pya4,ㄅㄩㄚˋ,p
1710,2,14,2190,0,522,2,bva4,pya4,ㄅㄩㄚˋ,p
1710,8,12,1858,1,2732,2,bva4,pya4,ㄅㄩㄚˋ,p
1710,20,20,3154,1,106,2,bva4,pya4,ㄅㄩㄚˋ,p
1710,1,14,2137,0,646,2,bva4,pya4,ㄅㄩㄚˋ,p
1715,22,20,3149,0,1203,2,bue2,pue2,ㄅㄨㄝˊ,p
1715,20,19,2937,1,67,2,bue2,pue2,ㄅㄨㄝˊ,p
1715,1,15,2289,0,1697,2,bue2,pue2,ㄅㄨㄝˊ,p
1715,2,14,2152,0,662,2,bue2,pue2,ㄅㄨㄝˊ,p
1715,8,20,3131,0,1013,2,bue2,pue2,ㄅㄨㄝˊ,p
1726,2,16,2506,0,106,2,zhvo3,Zyo3,ㄓㄩㄛˇ,Z
1726,8,11,1720,0,2189,2,zhvo3,Zyo3,ㄓㄩㄛˇ,Z
1726,20,13,1983,1,60,2,zhvo3,Zyo3,ㄓㄩㄛˇ,Z
1726,1,12,1861,0,760,2,zhvo3,Zyo3,ㄓㄩㄛˇ,Z
1726,22,16,2475,0,479,2,zhvo3,Zyo3,ㄓㄩㄛˇ,Z
1752,2,17,2616,0,546,2,zhiai2,Ziai2,ㄓㄧㄞˊ,Z
1752,20,19,2928,1,500,2,zhiai2,Ziai2,ㄓㄧㄞˊ,Z
1752,1,18,2732,0,1067,2,zhiai2,Ziai2,ㄓㄧㄞˊ,Z
1752,8,15,2383,1,2249,2,zhiai2,Ziai2,ㄓㄧㄞˊ,Z
1752,22,17,2560,0,1581,2,zhiai2,Ziai2,ㄓㄧㄞˊ,Z
1753,22,16,2443,0,1395,2,zhui2,Zui2,ㄓㄨㄟˊ,Z
1753,20,18,2747,1,171,2,zhui2,Zui2,ㄓㄨㄟˊ,Z
1753,2,19,3028,0,569,2,zhui2,Zui2,ㄓㄨㄟˊ,Z
1753,1,13,2003,0,528,2,zhui2,Zui2,ㄓㄨㄟˊ,Z
1753,8,15,2240,0,1370,2,zhui2,Zui2,ㄓㄨㄟˊ,Z
1757,22,12,1825,0,1411,2,zhuai1,Zuai1,ㄓㄨㄞ,Z
1757,2,14,2124,1,2131,2,zhuai1,Zuai1,ㄓㄨㄞ,Z
1757,20,18,2850,1,24,2,zhuai1,Zuai1,ㄓㄨㄞ,Z
1757,1,11,1600,0,1077,2,zhuai1,Zuai1,ㄓㄨㄞ,Z
1757,8,11,1695,0,2861,2,zhuai1,Zuai1,ㄓㄨㄞ,Z
1760,22,19,2959,0,720,2,zhei1,Zei1,ㄓㄟ,Z
1760,20,20,3040,1,159,2,zhei1,Zei1,ㄓㄟ,Z
1760,2,18,2879,0,743,2,zhei1,Zei1,ㄓㄟ,Z
1760,8,20,3094,1,1240,2,zhei1,Zei1,ㄓㄟ,Z
1760,1,14,2239,0,1013,2,zhei1,Zei1,ㄓㄟ,Z
1766,1,12,1823,0,746,2,zhie3,Zi[3,ㄓㄧㄝˇ,Z
1766,8,11,1631,0,2668,2,zhie3,Zi[3,ㄓㄧㄝˇ,Z
1766,20,14,2190,1,121,2,zhie3,Zi[3,ㄓㄧㄝˇ,Z
1766,2,15,2325,0,473,2,zhie3,Zi[3,ㄓㄧㄝˇ,Z
1766,22,20,3157,0,663,2,zhie3,Zi[3,ㄓㄧㄝˇ,Z
1767,2,18,2808,0,689,2,biao2,piau2,ㄅㄧㄠˊ,p
1767,22,15,2268,0,445,2,biao2,piau2,ㄅㄧㄠˊ,p
1767,8,19,2941,0,1255,2,biao2,piau2,ㄅㄧㄠˊ,p
1767,1,15,2276,0,691,2,biao2,piau2,ㄅㄧㄠˊ,p
1767,20,13,1984,1,102,2,biao2,piau2,ㄅㄧㄠˊ,p
1774,22,18,2769,0,1386,2,bia3,pia3,ㄅㄧㄚˇ,p
1774,2,20,3052,0,1071,2,bia3,pia3,ㄅㄧㄚˇ,p
1774,1,20,3106,0,679,2,bia3,pia3,ㄅㄧㄚˇ,p
1774,20,15,2329,1,92,2,bia3,pia3,ㄅㄧㄚˇ,p
1774,8,19,2981,1,1810,2,bia3,pia3,ㄅㄧㄚˇ,p
1777,8,18,2763,1,2051,2,bue1,pu^1,ㄅㄨㄜ,p
1777,1,21,3201,0,609,2,bue1,pu^1,ㄅㄨㄜ,p
1777,2,17,2635,0,1000,2,bue1,pu^1,ㄅㄨㄜ,p
1777,20,19,2990,1,59,2,bue1,pu^1,ㄅㄨㄜ,p
1777,22,12,1890,0,1178,2,bue1,pu^1,ㄅㄨㄜ,p
1778,22,13,1956,0,770,2,bve2,py^2,ㄅㄩㄜˊ,p
1778,20,19,2892,1,159,2,bve2,py^2,ㄅㄩㄜˊ,p
1778,2,18,2769,0,609,2,bve2,py^2,ㄅㄩㄜˊ,p
1778,8,11,1645,1,2423,2,bve2,py^2,ㄅㄩㄜˊ,p
1778,1,17,2596,0,898,2,bve2,py^2,ㄅㄩㄜˊ,p
1779,2,11,1634,0,1402,2,bve2,pye2,ㄅㄩㄝˊ,p
1779,8,19,2936,1,1230,2,bve2,pye2,ㄅㄩㄝˊ,p
1779,20,15,2333,1,486,2,bve2,pye2,ㄅㄩㄝˊ,p
1779,22,16,2414,0,1726,2,bve2,pye2,ㄅㄩㄝˊ,p
1779,1,21,3218,1,2016,2,bve2,pye2,ㄅㄩㄝˊ,p
1799,2,11,1746,0,790,2,buang2,puaN2,ㄅㄨㄤˊ,p
1799,8,18,2762,0,2217,2,buang2,puaN2,ㄅㄨㄤˊ,p
1799,22,15,2386,0,1002,2,buang2,puaN2,ㄅㄨㄤˊ,p
1799,20,16,2543,1,253,2,buang2,puaN2,ㄅㄨㄤˊ,p
1799,1,14,2237,0,1316,2,buang2,puaN2,ㄅㄨㄤˊ,p
1801,8,15,2362,0,1740,2,biong3,pioN3,ㄅㄩㄥˇ,p
1801,1,17,2565,0,2851,2,biong3,pioN3,ㄅㄩㄥˇ,p
1801,20,19,2884,1,26,2,biong3,pioN3,ㄅㄩㄥˇ,p
1801,2,15,2379,0,1370,2,biong3,pioN3,ㄅㄩㄥˇ,p
1801,22,13,1923,0,615,2,biong3,pioN3,ㄅㄩㄥˇ,p
1802,22,15,2281,0,1393,2,zhvang4,ZyaN4,ㄓㄩㄤˋ,Z
1802,1,17,2600,0,2012,2,zhvang4,ZyaN4,ㄓㄩㄤˋ,Z
1802,2,20,3081,0,505,2,zhvang4,ZyaN4,ㄓㄩㄤˋ,Z
1802,8,17,2661,1,2437,2,zhvang4,ZyaN4,ㄓㄩㄤˋ,Z
1802,20,19,2945,1,161,2,zhvang4,ZyaN4,ㄓㄩㄤˋ,Z
1823,20,12,1887,1,81,2,zhvai1,Zyai1,ㄓㄩㄞ,Z
1823,22,17,2639,0,1413,2,zhvai1,Zyai1,ㄓㄩㄞ,Z
1823,8,20,3101,1,1049,2,zhvai1,Zyai1,ㄓㄩㄞ,Z
1823,2,14,2099,0,510,2,zhvai1,Zyai1,ㄓㄩㄞ,Z
1823,1,20,3160,0,485,2,zhvai1,Zyai1,ㄓㄩㄞ,Z
1828,2,15,2282,0,2230,2,bia1,pia1,ㄅㄧㄚ,p
1828,1,11,1647,0,1370,2,bia1,pia1,ㄅㄧㄚ,p
1828,20,15,2384,1,133,2,bia1,pia1,ㄅㄧㄚ,p
1828,22,12,1796,0,755,2,bia1,pia1,ㄅㄧㄚ,p
1828,8,13,1989,1,2149,2,bia1,pia1,ㄅㄧㄚ,p
1831,22,17,2681,0,1042,2,bvo4,pyo4,ㄅㄩㄛˋ,p
1831,1,16,2474,0,1243,2,bvo4,pyo4,ㄅㄩㄛˋ,p
1831,2,13,2077,0,462,2,bvo4,pyo4,ㄅㄩㄛˋ,p
1831,8,20,3152,1,1140,2,bvo4,pyo4,ㄅㄩㄛˋ,p
1831,20,21,3232,1,167,2,bvo4,pyo4,ㄅㄩㄛˋ,p
1847,20,19,2967,1,24,2,biu3,piou3,ㄅㄧㄡˇ,p
1847,22,21,3218,0,848,2,biu3,piou3,ㄅㄧㄡˇ,p
1847,1,19,2911,0,785,2,biu3,piou3,ㄅㄧㄡˇ,p
1847,8,13,1980,0,2951,2,biu3,piou3,ㄅㄧㄡˇ,p
1847,2,12,1787,0,1513,2,biu3,piou3,ㄅㄧㄡˇ,p
1848,22,20,3150,0,1043,2,biei4,piei4,ㄅㄧㄟˋ,p
1848,1,14,2102,0,1474,2,biei4,piei4,ㄅㄧㄟˋ,p
1848,20,14,2233,1,146,2,biei4,piei4,ㄅㄧㄟˋ,p
1848,8,15,2349,1,1399,2,biei4,piei4,ㄅㄧㄟˋ,p
1848,2,12,1908,0,1396,2,biei4,piei4,ㄅㄧㄟˋ,p
1855,2,13,1976,0,1229,2,bue3,pu^3,ㄅㄨㄜˇ,p
1855,8,21,3256,1,751,2,bue3,pu^3,ㄅㄨㄜˇ,p
1855,22,16,2559,0,717,2,bue3,pu^3,ㄅㄨㄜˇ,p
1855,1,19,2903,0,1314,2,bue3,pu^3,ㄅㄨㄜˇ,p
1855,20,11,1704,1,188,2,bue3,pu^3,ㄅㄨㄜˇ,p
1862,1,16,2529,0,878,2,zhv1,Zy1,ㄓㄩ,Z
1862,8,12,1823,0,2200,2,zhv1,Zy1,ㄓㄩ,Z
1862,20,19,2997,1,925,2,zhv1,Zy1,ㄓㄩ,Z
1862,2,13,2069,1,2163,2,zhv1,Zy1,ㄓㄩ,Z
1862,22,20,3178,0,1266,2,zhv1,Zy1,ㄓㄩ,Z
1864,8,18,2828,1,867,2,buan4,puan4,ㄅㄨㄢˋ,p
1864,22,20,3073,0,1304,2,buan4,puan4,ㄅㄨㄢˋ,p
1864,1,16,2439,NA,NA,2,buan4,puan4,ㄅㄨㄢˋ,p
1864,2,15,2277,1,1674,2,buan4,puan4,ㄅㄨㄢˋ,p
1864,20,12,1882,1,291,2,buan4,puan4,ㄅㄨㄢˋ,p
1865,8,18,2815,1,1829,2,bua4,pua4,ㄅㄨㄚˋ,p
1865,22,13,2048,0,2723,2,bua4,pua4,ㄅㄨㄚˋ,p
1865,2,18,2748,0,1275,2,bua4,pua4,ㄅㄨㄚˋ,p
1865,20,12,1845,1,182,2,bua4,pua4,ㄅㄨㄚˋ,p
1865,1,14,2215,0,846,2,bua4,pua4,ㄅㄨㄚˋ,p
1869,1,21,3203,0,884,2,zhvao3,Zyau3,ㄓㄩㄠˇ,Z
1869,20,20,3167,1,531,2,zhvao3,Zyau3,ㄓㄩㄠˇ,Z
1869,22,20,3089,0,868,2,zhvao3,Zyau3,ㄓㄩㄠˇ,Z
1869,2,12,1785,0,555,2,zhvao3,Zyau3,ㄓㄩㄠˇ,Z
1869,8,20,3091,1,1161,2,zhvao3,Zyau3,ㄓㄩㄠˇ,Z
1874,1,17,2649,0,2154,2,zhvi2,Zyei2,ㄓㄩㄟˊ,Z
1874,22,19,3009,0,622,2,zhvi2,Zyei2,ㄓㄩㄟˊ,Z
1874,2,20,3179,0,759,2,zhvi2,Zyei2,ㄓㄩㄟˊ,Z
1874,20,17,2614,1,125,2,zhvi2,Zyei2,ㄓㄩㄟˊ,Z
1874,8,19,3021,1,1222,2,zhvi2,Zyei2,ㄓㄩㄟˊ,Z
1887,8,14,2197,1,2937,2,be3,pe3,ㄅㄝˇ,p
1887,20,20,3041,1,653,2,be3,pe3,ㄅㄝˇ,p
1887,2,12,1919,0,717,2,be3,pe3,ㄅㄝˇ,p
1887,22,21,3219,0,1145,2,be3,pe3,ㄅㄝˇ,p
1887,1,11,1756,0,1372,2,be3,pe3,ㄅㄝˇ,p
1888,2,14,2206,0,1081,2,be2,pe2,ㄅㄝˊ,p
1888,22,12,1897,0,420,2,be2,pe2,ㄅㄝˊ,p
1888,20,14,2171,1,126,2,be2,pe2,ㄅㄝˊ,p
1888,1,13,2059,0,1545,2,be2,pe2,ㄅㄝˊ,p
1888,8,16,2440,0,2016,2,be2,pe2,ㄅㄝˊ,p
1892,20,21,3200,1,634,2,zhvao1,Zyau1,ㄓㄩㄠ,Z
1892,22,18,2799,0,1106,2,zhvao1,Zyau1,ㄓㄩㄠ,Z
1892,1,17,2654,0,1273,2,zhvao1,Zyau1,ㄓㄩㄠ,Z
1892,8,15,2267,1,1134,2,zhvao1,Zyau1,ㄓㄩㄠ,Z
1892,2,12,1862,0,591,2,zhvao1,Zyau1,ㄓㄩㄠ,Z
1910,8,17,2573,1,841,2,bvao4,pyau4,ㄅㄩㄠˋ,p
1910,2,19,2896,0,1942,2,bvao4,pyau4,ㄅㄩㄠˋ,p
1910,22,19,2885,0,644,2,bvao4,pyau4,ㄅㄩㄠˋ,p
1910,20,11,1660,1,221,2,bvao4,pyau4,ㄅㄩㄠˋ,p
1910,1,17,2624,0,1979,2,bvao4,pyau4,ㄅㄩㄠˋ,p
1914,22,18,2772,0,2412,2,bvang3,pyaN3,ㄅㄩㄤˇ,p
1914,2,19,2962,0,667,2,bvang3,pyaN3,ㄅㄩㄤˇ,p
1914,20,19,2920,1,174,2,bvang3,pyaN3,ㄅㄩㄤˇ,p
1914,1,13,2078,0,463,2,bvang3,pyaN3,ㄅㄩㄤˇ,p
1914,8,16,2401,1,1604,2,bvang3,pyaN3,ㄅㄩㄤˇ,p
1919,22,18,2833,0,658,2,buao2,puau2,ㄅㄨㄠˊ,p
1919,20,14,2174,1,151,2,buao2,puau2,ㄅㄨㄠˊ,p
1919,8,14,2194,1,2412,2,buao2,puau2,ㄅㄨㄠˊ,p
1919,2,20,3107,0,590,2,buao2,puau2,ㄅㄨㄠˊ,p
1919,1,11,1649,0,1686,2,buao2,puau2,ㄅㄨㄠˊ,p
1933,8,16,2416,1,2488,2,biong4,pioN4,ㄅㄩㄥˋ,p
1933,1,12,1809,0,667,2,biong4,pioN4,ㄅㄩㄥˋ,p
1933,22,15,2295,0,678,2,biong4,pioN4,ㄅㄩㄥˋ,p
1933,2,18,2783,0,549,2,biong4,pioN4,ㄅㄩㄥˋ,p
1933,20,14,2216,1,134,2,biong4,pioN4,ㄅㄩㄥˋ,p
1949,2,18,2856,0,569,2,bvn1,pyn1,ㄅㄩㄣ,p
1949,1,18,2770,0,1870,2,bvn1,pyn1,ㄅㄩㄣ,p
1949,22,18,2743,0,1778,2,bvn1,pyn1,ㄅㄩㄣ,p
1949,20,14,2109,1,206,2,bvn1,pyn1,ㄅㄩㄣ,p
1949,8,15,2288,0,1740,2,bvn1,pyn1,ㄅㄩㄣ,p
1963,20,13,1999,1,179,2,zhvao4,Zyau4,ㄓㄩㄠˋ,Z
1963,2,15,2332,0,572,2,zhvao4,Zyau4,ㄓㄩㄠˋ,Z
1963,22,13,2075,0,2254,2,zhvao4,Zyau4,ㄓㄩㄠˋ,Z
1963,8,17,2569,1,913,2,zhvao4,Zyau4,ㄓㄩㄠˋ,Z
1963,1,17,2718,0,1424,2,zhvao4,Zyau4,ㄓㄩㄠˋ,Z
1970,8,13,2051,0,1736,2,bvov4,pyou4,ㄅㄩㄡˋ,p
1970,2,15,2391,0,2006,2,bvov4,pyou4,ㄅㄩㄡˋ,p
1970,22,11,1747,0,1600,2,bvov4,pyou4,ㄅㄩㄡˋ,p
1970,20,13,1996,1,136,2,bvov4,pyou4,ㄅㄩㄡˋ,p
1970,1,17,2588,0,988,2,bvov4,pyou4,ㄅㄩㄡˋ,p
1972,1,13,2053,0,696,2,be4,pe4,ㄅㄝˋ,p
1972,20,17,2649,1,268,2,be4,pe4,ㄅㄝˋ,p
1972,2,15,2327,0,674,2,be4,pe4,ㄅㄝˋ,p
1972,8,16,2496,0,2410,2,be4,pe4,ㄅㄝˋ,p
1972,22,12,1846,1,2761,2,be4,pe4,ㄅㄝˋ,p
1977,20,12,1874,1,68,2,bv4,py4,ㄅㄩˋ,p
1977,1,13,1971,0,1195,2,bv4,py4,ㄅㄩˋ,p
1977,2,19,3025,0,464,2,bv4,py4,ㄅㄩˋ,p
1977,8,18,2758,1,2490,2,bv4,py4,ㄅㄩˋ,p
1977,22,20,3181,0,833,2,bv4,py4,ㄅㄩˋ,p
1996,22,18,2726,0,741,2,zhian4,Zi[n4,ㄓㄧㄢˋ,Z
1996,1,20,3103,0,963,2,zhian4,Zi[n4,ㄓㄧㄢˋ,Z
1996,8,20,3058,1,788,2,zhian4,Zi[n4,ㄓㄧㄢˋ,Z
1996,20,18,2802,1,33,2,zhian4,Zi[n4,ㄓㄧㄢˋ,Z
1996,2,14,2094,0,1026,2,zhian4,Zi[n4,ㄓㄧㄢˋ,Z
2000,2,13,2074,0,622,2,bvov1,pyou1,ㄅㄩㄡ,p
2000,1,17,2581,0,1201,2,bvov1,pyou1,ㄅㄩㄡ,p
2000,8,13,1941,1,2100,2,bvov1,pyou1,ㄅㄩㄡ,p
2000,20,19,2902,1,83,2,bvov1,pyou1,ㄅㄩㄡ,p
2000,22,21,3238,0,2877,2,bvov1,pyou1,ㄅㄩㄡ,p
2003,22,12,1797,0,1026,2,zhiang3,ZiaN3,ㄓㄧㄤˇ,Z
2003,8,20,3092,0,1633,2,zhiang3,ZiaN3,ㄓㄧㄤˇ,Z
2003,20,15,2259,1,408,2,zhiang3,ZiaN3,ㄓㄧㄤˇ,Z
2003,2,18,2857,0,625,2,zhiang3,ZiaN3,ㄓㄧㄤˇ,Z
2003,1,19,3037,0,1112,2,zhiang3,ZiaN3,ㄓㄧㄤˇ,Z
2006,22,19,3007,0,698,2,zhiei3,Ziei3,ㄓㄧㄟˇ,Z
2006,2,13,2033,0,523,2,zhiei3,Ziei3,ㄓㄧㄟˇ,Z
2006,20,13,2024,1,16,2,zhiei3,Ziei3,ㄓㄧㄟˇ,Z
2006,1,14,2201,0,612,2,zhiei3,Ziei3,ㄓㄧㄟˇ,Z
2006,8,13,2047,0,1875,2,zhiei3,Ziei3,ㄓㄧㄟˇ,Z
2025,1,15,2374,0,2094,2,bve4,pye4,ㄅㄩㄝˋ,p
2025,22,16,2470,0,540,2,bve4,pye4,ㄅㄩㄝˋ,p
2025,20,19,2988,1,83,2,bve4,pye4,ㄅㄩㄝˋ,p
2025,8,14,2136,0,2506,2,bve4,pye4,ㄅㄩㄝˋ,p
2025,2,20,3094,0,1131,2,bve4,pye4,ㄅㄩㄝˋ,p
2027,2,15,2242,0,742,2,bv2,py2,ㄅㄩˊ,p
2027,22,15,2293,0,550,2,bv2,py2,ㄅㄩˊ,p
2027,8,18,2756,0,1516,2,bv2,py2,ㄅㄩˊ,p
2027,20,15,2280,1,106,2,bv2,py2,ㄅㄩˊ,p
2027,1,13,1928,0,782,2,bv2,py2,ㄅㄩˊ,p
2032,20,19,3006,1,68,2,buao3,puau3,ㄅㄨㄠˇ,p
2032,1,15,2298,0,2901,2,buao3,puau3,ㄅㄨㄠˇ,p
2032,22,17,2610,0,1721,2,buao3,puau3,ㄅㄨㄠˇ,p
2032,2,15,2310,0,1200,2,buao3,puau3,ㄅㄨㄠˇ,p
2032,8,14,2151,1,2031,2,buao3,puau3,ㄅㄨㄠˇ,p
2037,20,21,3210,1,3392,2,bue4,pue4,ㄅㄨㄝˋ,p
2037,2,12,1897,0,859,2,bue4,pue4,ㄅㄨㄝˋ,p
2037,1,14,2165,0,839,2,bue4,pue4,ㄅㄨㄝˋ,p
2037,22,19,3017,0,1141,2,bue4,pue4,ㄅㄨㄝˋ,p
2037,8,11,1630,0,1767,2,bue4,pue4,ㄅㄨㄝˋ,p
2052,20,15,2321,1,103,2,buo2,puo2,ㄅㄨㄛˊ,p
2052,2,14,2165,0,775,2,buo2,puo2,ㄅㄨㄛˊ,p
2052,8,21,3242,0,1517,2,buo2,puo2,ㄅㄨㄛˊ,p
2052,1,11,1701,0,1059,2,buo2,puo2,ㄅㄨㄛˊ,p
2052,22,19,2949,0,1228,2,buo2,puo2,ㄅㄨㄛˊ,p
2070,2,11,1698,0,1135,2,bou4,pou4,ㄅㄡˋ,p
2070,22,15,2258,1,3145,2,bou4,pou4,ㄅㄡˋ,p
2070,20,19,2899,1,65,2,bou4,pou4,ㄅㄡˋ,p
2070,8,20,3171,0,940,2,bou4,pou4,ㄅㄡˋ,p
2070,1,11,1643,0,2046,2,bou4,pou4,ㄅㄡˋ,p
2073,8,15,2323,0,1927,2,be3,p^3,ㄅㄜˇ,p
2073,1,13,1979,0,3804,2,be3,p^3,ㄅㄜˇ,p
2073,22,19,2976,0,714,2,be3,p^3,ㄅㄜˇ,p
2073,20,19,2911,1,105,2,be3,p^3,ㄅㄜˇ,p
2073,2,18,2790,0,493,2,be3,p^3,ㄅㄜˇ,p
2093,22,12,1808,0,1008,2,bong1,poN1,ㄅㄨㄥ,p
2093,2,15,2274,0,545,2,bong1,poN1,ㄅㄨㄥ,p
2093,8,11,1728,1,2043,2,bong1,poN1,ㄅㄨㄥ,p
2093,1,18,2747,1,1611,2,bong1,poN1,ㄅㄨㄥ,p
2093,20,17,2599,1,32,2,bong1,poN1,ㄅㄨㄥ,p
2095,2,11,1633,0,1348,2,buan2,puan2,ㄅㄨㄢˊ,p
2095,8,12,1821,0,2116,2,buan2,puan2,ㄅㄨㄢˊ,p
2095,1,19,2922,0,852,2,buan2,puan2,ㄅㄨㄢˊ,p
2095,22,16,2505,0,1295,2,buan2,puan2,ㄅㄨㄢˊ,p
2095,20,14,2144,1,297,2,buan2,puan2,ㄅㄨㄢˊ,p
2097,8,20,3105,0,1399,2,zhe3,Ze3,ㄓㄝˇ,Z
2097,1,21,3220,0,818,2,zhe3,Ze3,ㄓㄝˇ,Z
2097,2,21,3257,0,509,2,zhe3,Ze3,ㄓㄝˇ,Z
2097,22,11,1618,0,1332,2,zhe3,Ze3,ㄓㄝˇ,Z
2097,20,19,3038,1,549,2,zhe3,Ze3,ㄓㄝˇ,Z
2117,20,15,2261,1,128,2,bou3,pou3,ㄅㄡˇ,p
2117,1,20,3058,0,1053,2,bou3,pou3,ㄅㄡˇ,p
2117,2,19,2927,0,448,2,bou3,pou3,ㄅㄡˇ,p
2117,22,14,2224,0,1860,2,bou3,pou3,ㄅㄡˇ,p
2117,8,15,2254,0,1282,2,bou3,pou3,ㄅㄡˇ,p
2148,2,19,2929,0,546,2,bvang1,pyaN1,ㄅㄩㄤ,p
2148,22,20,3082,0,1751,2,bvang1,pyaN1,ㄅㄩㄤ,p
2148,1,20,3147,0,1775,2,bvang1,pyaN1,ㄅㄩㄤ,p
2148,8,11,1714,0,2156,2,bvang1,pyaN1,ㄅㄩㄤ,p
2148,20,15,2325,0,156,2,bvang1,pyaN1,ㄅㄩㄤ,p
2152,8,13,1936,0,2122,2,bve3,pye3,ㄅㄩㄝˇ,p
2152,22,17,2625,0,1604,2,bve3,pye3,ㄅㄩㄝˇ,p
2152,2,20,3158,0,508,2,bve3,pye3,ㄅㄩㄝˇ,p
2152,1,17,2684,0,1215,2,bve3,pye3,ㄅㄩㄝˇ,p
2152,20,13,1971,0,5,2,bve3,pye3,ㄅㄩㄝˇ,p
2170,1,14,2103,0,2187,2,zhuo3,Zuo3,ㄓㄨㄛˇ,Z
2170,2,18,2815,0,1823,2,zhuo3,Zuo3,ㄓㄨㄛˇ,Z
2170,8,18,2842,1,1448,2,zhuo3,Zuo3,ㄓㄨㄛˇ,Z
2170,22,18,2788,0,2605,2,zhuo3,Zuo3,ㄓㄨㄛˇ,Z
2170,20,20,3169,0,281,2,zhuo3,Zuo3,ㄓㄨㄛˇ,Z
2176,2,13,2058,0,1343,2,zhiong3,ZioN3,ㄓㄩㄥˇ,Z
2176,8,11,1722,1,2084,2,zhiong3,ZioN3,ㄓㄩㄥˇ,Z
2176,20,20,3176,0,516,2,zhiong3,ZioN3,ㄓㄩㄥˇ,Z
2176,1,14,2238,1,2857,2,zhiong3,ZioN3,ㄓㄩㄥˇ,Z
2176,22,17,2677,0,1263,2,zhiong3,ZioN3,ㄓㄩㄥˇ,Z
2194,20,17,2690,0,156,2,bvao1,pyau1,ㄅㄩㄠ,p
2194,22,11,1755,0,1999,2,bvao1,pyau1,ㄅㄩㄠ,p
2194,2,18,2843,0,1049,2,bvao1,pyau1,ㄅㄩㄠ,p
2194,1,17,2687,0,1608,2,bvao1,pyau1,ㄅㄩㄠ,p
2194,8,13,1995,1,1606,2,bvao1,pyau1,ㄅㄩㄠ,p
2212,1,12,1787,0,902,2,bue4,pu^4,ㄅㄨㄜˋ,p
2212,22,20,3124,0,619,2,bue4,pu^4,ㄅㄨㄜˋ,p
2212,2,20,3123,0,3467,2,bue4,pu^4,ㄅㄨㄜˋ,p
2212,20,11,1692,0,38,2,bue4,pu^4,ㄅㄨㄜˋ,p
2212,8,15,2330,1,1698,2,bue4,pu^4,ㄅㄨㄜˋ,p
2221,1,16,2484,0,1309,2,buan1,puan1,ㄅㄨㄢ,p
2221,22,14,2081,0,1283,2,buan1,puan1,ㄅㄨㄢ,p
2221,2,21,3204,0,573,2,buan1,puan1,ㄅㄨㄢ,p
2221,8,21,3227,1,2018,2,buan1,puan1,ㄅㄨㄢ,p
2221,20,17,2608,0,171,2,buan1,puan1,ㄅㄨㄢ,p
2250,20,12,1884,0,562,2,zhvo1,Zyo1,ㄓㄩㄛ,Z
2250,2,11,1682,0,616,2,zhvo1,Zyo1,ㄓㄩㄛ,Z
2250,22,12,1778,0,1994,2,zhvo1,Zyo1,ㄓㄩㄛ,Z
2250,1,16,2486,0,822,2,zhvo1,Zyo1,ㄓㄩㄛ,Z
2250,8,21,3231,0,891,2,zhvo1,Zyo1,ㄓㄩㄛ,Z
2261,2,17,2645,0,484,2,bie3,pi^3,ㄅㄧㄜˇ,p
2261,1,14,2136,0,836,2,bie3,pi^3,ㄅㄧㄜˇ,p
2261,8,16,2541,0,2040,2,bie3,pi^3,ㄅㄧㄜˇ,p
2261,22,11,1721,0,1092,2,bie3,pi^3,ㄅㄧㄜˇ,p
2261,20,14,2204,0,112,2,bie3,pi^3,ㄅㄧㄜˇ,p
2263,2,15,2352,0,1845,2,zhvai3,Zyai3,ㄓㄩㄞˇ,Z
2263,8,13,2072,1,1324,2,zhvai3,Zyai3,ㄓㄩㄞˇ,Z
2263,22,11,1604,1,1212,2,zhvai3,Zyai3,ㄓㄩㄞˇ,Z
2263,20,13,1973,0,593,2,zhvai3,Zyai3,ㄓㄩㄞˇ,Z
2263,1,11,1708,0,791,2,zhvai3,Zyai3,ㄓㄩㄞˇ,Z
2269,20,12,1810,0,113,2,zhvo2,Zyo2,ㄓㄩㄛˊ,Z
2269,22,12,1866,0,988,2,zhvo2,Zyo2,ㄓㄩㄛˊ,Z
2269,1,18,2834,0,1208,2,zhvo2,Zyo2,ㄓㄩㄛˊ,Z
2269,2,13,1933,0,699,2,zhvo2,Zyo2,ㄓㄩㄛˊ,Z
2269,8,14,2085,1,2077,2,zhvo2,Zyo2,ㄓㄩㄛˊ,Z
2271,1,12,1836,0,1162,2,zhui3,Zui3,ㄓㄨㄟˇ,Z
2271,8,12,1832,1,1198,2,zhui3,Zui3,ㄓㄨㄟˇ,Z
2271,20,18,2822,0,133,2,zhui3,Zui3,ㄓㄨㄟˇ,Z
2271,22,18,2854,0,1410,2,zhui3,Zui3,ㄓㄨㄟˇ,Z
2271,2,15,2318,0,1571,2,zhui3,Zui3,ㄓㄨㄟˇ,Z
2272,2,18,2797,0,738,2,bvov3,pyou3,ㄅㄩㄡˇ,p
2272,1,17,2575,0,1093,2,bvov3,pyou3,ㄅㄩㄡˇ,p
2272,8,19,2991,0,2310,2,bvov3,pyou3,ㄅㄩㄡˇ,p
2272,20,20,3196,0,50,2,bvov3,pyou3,ㄅㄩㄡˇ,p
2272,22,17,2563,0,1497,2,bvov3,pyou3,ㄅㄩㄡˇ,p
2275,22,15,2376,0,1653,2,bia4,pia4,ㄅㄧㄚˋ,p
2275,20,12,1794,0,106,2,bia4,pia4,ㄅㄧㄚˋ,p
2275,2,14,2173,0,354,2,bia4,pia4,ㄅㄧㄚˋ,p
2275,1,19,3028,0,1275,2,bia4,pia4,ㄅㄧㄚˋ,p
2275,8,20,3070,1,686,2,bia4,pia4,ㄅㄧㄚˋ,p
2282,20,11,1675,0,647,2,bvan1,py[n1,ㄅㄩㄢ,p
2282,22,15,2262,0,505,2,bvan1,py[n1,ㄅㄩㄢ,p
2282,8,20,3054,1,1502,2,bvan1,py[n1,ㄅㄩㄢ,p
2282,1,11,1687,0,2478,2,bvan1,py[n1,ㄅㄩㄢ,p
2282,2,17,2684,0,1582,2,bvan1,py[n1,ㄅㄩㄢ,p
2301,1,18,2749,0,792,2,biu4,piou4,ㄅㄧㄡˋ,p
2301,22,19,2963,0,1487,2,biu4,piou4,ㄅㄧㄡˋ,p
2301,8,20,3074,1,1062,2,biu4,piou4,ㄅㄧㄡˋ,p
2301,20,15,2354,0,181,2,biu4,piou4,ㄅㄧㄡˋ,p
2301,2,19,2987,0,699,2,biu4,piou4,ㄅㄧㄡˋ,p
2313,2,14,2167,0,1930,2,zhi2,Zi2,ㄓㄧˊ,Z
2313,20,15,2367,0,131,2,zhi2,Zi2,ㄓㄧˊ,Z
2313,8,12,1799,0,2420,2,zhi2,Zi2,ㄓㄧˊ,Z
2313,22,16,2413,0,814,2,zhi2,Zi2,ㄓㄧˊ,Z
2313,1,16,2487,0,837,2,zhi2,Zi2,ㄓㄧˊ,Z
2356,2,18,2750,0,1895,2,biei3,piei3,ㄅㄧㄟˇ,p
2356,20,12,1798,0,176,2,biei3,piei3,ㄅㄧㄟˇ,p
2356,8,17,2709,1,1579,2,biei3,piei3,ㄅㄧㄟˇ,p
2356,22,12,1777,0,1190,2,biei3,piei3,ㄅㄧㄟˇ,p
2356,1,16,2441,0,3484,2,biei3,piei3,ㄅㄧㄟˇ,p
2366,1,14,2110,0,808,2,bvao2,pyau2,ㄅㄩㄠˊ,p
2366,2,12,1867,0,530,2,bvao2,pyau2,ㄅㄩㄠˊ,p
2366,22,11,1746,0,1389,2,bvao2,pyau2,ㄅㄩㄠˊ,p
2366,8,16,2519,1,2724,2,bvao2,pyau2,ㄅㄩㄠˊ,p
2366,20,16,2545,0,243,2,bvao2,pyau2,ㄅㄩㄠˊ,p
2370,20,11,1646,0,78,2,zhva1,Zya1,ㄓㄩㄚ,Z
2370,1,20,3087,0,52,2,zhva1,Zya1,ㄓㄩㄚ,Z
2370,2,12,1767,0,771,2,zhva1,Zya1,ㄓㄩㄚ,Z
2370,22,19,2904,0,1697,2,zhva1,Zya1,ㄓㄩㄚ,Z
2370,8,20,3115,1,1166,2,zhva1,Zya1,ㄓㄩㄚ,Z
2386,8,14,2166,1,2323,2,zhvang3,ZyaN3,ㄓㄩㄤˇ,Z
2386,20,19,2912,0,80,2,zhvang3,ZyaN3,ㄓㄩㄤˇ,Z
2386,1,15,2356,0,602,2,zhvang3,ZyaN3,ㄓㄩㄤˇ,Z
2386,22,21,3266,0,798,2,zhvang3,ZyaN3,ㄓㄩㄤˇ,Z
2386,2,17,2659,0,574,2,zhvang3,ZyaN3,ㄓㄩㄤˇ,Z
2415,2,11,1733,0,706,2,bui2,pui2,ㄅㄨㄟˊ,p
2415,1,13,1980,0,720,2,bui2,pui2,ㄅㄨㄟˊ,p
2415,8,20,3182,0,1517,2,bui2,pui2,ㄅㄨㄟˊ,p
2415,22,15,2388,0,1622,2,bui2,pui2,ㄅㄨㄟˊ,p
2415,20,16,2450,0,316,2,bui2,pui2,ㄅㄨㄟˊ,p
2493,20,16,2531,0,644,2,buang3,puaN3,ㄅㄨㄤˇ,p
2493,2,12,1804,0,1370,2,buang3,puaN3,ㄅㄨㄤˇ,p
2493,1,11,1602,0,916,2,buang3,puaN3,ㄅㄨㄤˇ,p
2493,22,17,2597,0,708,2,buang3,puaN3,ㄅㄨㄤˇ,p
2493,8,17,2710,1,1985,2,buang3,puaN3,ㄅㄨㄤˇ,p
2494,22,11,1688,0,620,2,zhue2,Zu^2,ㄓㄨㄜˊ,Z
2494,8,19,2970,0,1761,2,zhue2,Zu^2,ㄓㄨㄜˊ,Z
2494,20,13,2077,0,117,2,zhue2,Zu^2,ㄓㄨㄜˊ,Z
2494,1,16,2433,0,1340,2,zhue2,Zu^2,ㄓㄨㄜˊ,Z
2494,2,14,2183,0,613,2,zhue2,Zu^2,ㄓㄨㄜˊ,Z
2496,22,17,2671,0,904,2,buang1,puaN1,ㄅㄨㄤ,p
2496,20,21,3219,0,394,2,buang1,puaN1,ㄅㄨㄤ,p
2496,1,19,2993,0,716,2,buang1,puaN1,ㄅㄨㄤ,p
2496,2,20,3105,0,577,2,buang1,puaN1,ㄅㄨㄤ,p
2496,8,12,1833,1,2067,2,buang1,puaN1,ㄅㄨㄤ,p
2500,2,18,2811,0,1048,2,zhiong2,ZioN2,ㄓㄩㄥˊ,Z
2500,22,18,2849,0,614,2,zhiong2,ZioN2,ㄓㄩㄥˊ,Z
2500,8,21,3230,1,1030,2,zhiong2,ZioN2,ㄓㄩㄥˊ,Z
2500,20,16,2456,0,480,2,zhiong2,ZioN2,ㄓㄩㄥˊ,Z
2500,1,20,3066,0,1594,2,zhiong2,ZioN2,ㄓㄩㄥˊ,Z
2535,22,11,1696,0,2020,2,zhuao2,Zuau2,ㄓㄨㄠˊ,Z
2535,1,16,2413,0,2027,2,zhuao2,Zuau2,ㄓㄨㄠˊ,Z
2535,2,18,2792,0,580,2,zhuao2,Zuau2,ㄓㄨㄠˊ,Z
2535,20,15,2335,0,111,2,zhuao2,Zuau2,ㄓㄨㄠˊ,Z
2535,8,16,2432,1,2203,2,zhuao2,Zuau2,ㄓㄨㄠˊ,Z
2538,2,15,2363,0,1377,2,be1,p^1,ㄅㄜ,p
2538,22,14,2184,0,2024,2,be1,p^1,ㄅㄜ,p
2538,1,11,1710,0,1417,2,be1,p^1,ㄅㄜ,p
2538,20,15,2355,0,534,2,be1,p^1,ㄅㄜ,p
2538,8,11,1746,0,2003,2,be1,p^1,ㄅㄜ,p
2546,22,12,1913,0,366,2,bvo2,pyo2,ㄅㄩㄛˊ,p
2546,2,16,2524,0,536,2,bvo2,pyo2,ㄅㄩㄛˊ,p
2546,20,18,2731,0,279,2,bvo2,pyo2,ㄅㄩㄛˊ,p
2546,8,13,2046,1,1425,2,bvo2,pyo2,ㄅㄩㄛˊ,p
2546,1,14,2179,0,841,2,bvo2,pyo2,ㄅㄩㄛˊ,p
2559,2,16,2549,0,1407,2,zhiai3,Ziai3,ㄓㄧㄞˇ,Z
2559,20,17,2660,0,154,2,zhiai3,Ziai3,ㄓㄧㄞˇ,Z
2559,22,17,2601,0,1239,2,zhiai3,Ziai3,ㄓㄧㄞˇ,Z
2559,1,19,2984,0,1890,2,zhiai3,Ziai3,ㄓㄧㄞˇ,Z
2559,8,19,2947,0,1817,2,zhiai3,Ziai3,ㄓㄧㄞˇ,Z
2561,8,11,1647,0,3294,2,bvov2,pyou2,ㄅㄩㄡˊ,p
2561,2,17,2609,0,740,2,bvov2,pyou2,ㄅㄩㄡˊ,p
2561,20,18,2824,0,71,2,bvov2,pyou2,ㄅㄩㄡˊ,p
2561,1,21,3206,0,557,2,bvov2,pyou2,ㄅㄩㄡˊ,p
2561,22,13,2073,0,665,2,bvov2,pyou2,ㄅㄩㄡˊ,p
2566,22,18,2825,0,1506,2,zhvang2,ZyaN2,ㄓㄩㄤˊ,Z
2566,1,18,2843,0,1381,2,zhvang2,ZyaN2,ㄓㄩㄤˊ,Z
2566,2,18,2749,0,1273,2,zhvang2,ZyaN2,ㄓㄩㄤˊ,Z
2566,8,18,2849,0,2009,2,zhvang2,ZyaN2,ㄓㄩㄤˊ,Z
2566,20,11,1658,0,175,2,zhvang2,ZyaN2,ㄓㄩㄤˊ,Z
2567,8,20,3077,0,1494,2,biu1,piou1,ㄅㄧㄡ,p
2567,2,16,2532,0,1117,2,biu1,piou1,ㄅㄧㄡ,p
2567,22,20,3185,0,1122,2,biu1,piou1,ㄅㄧㄡ,p
2567,1,18,2720,0,973,2,biu1,piou1,ㄅㄧㄡ,p
2567,20,21,3237,0,920,2,biu1,piou1,ㄅㄧㄡ,p
2580,1,15,2254,0,729,2,be2,p^2,ㄅㄜˊ,p
2580,8,18,2810,0,1891,2,be2,p^2,ㄅㄜˊ,p
2580,20,21,3203,0,70,2,be2,p^2,ㄅㄜˊ,p
2580,22,16,2466,0,1435,2,be2,p^2,ㄅㄜˊ,p
2580,2,18,2805,0,717,2,be2,p^2,ㄅㄜˊ,p
2594,20,19,3024,0,993,2,zhvai4,Zyai4,ㄓㄩㄞˋ,Z
2594,22,14,2227,0,1620,2,zhvai4,Zyai4,ㄓㄩㄞˋ,Z
2594,1,11,1634,0,1507,2,zhvai4,Zyai4,ㄓㄩㄞˋ,Z
2594,2,13,1948,0,848,2,zhvai4,Zyai4,ㄓㄩㄞˋ,Z
2594,8,16,2551,1,1163,2,zhvai4,Zyai4,ㄓㄩㄞˋ,Z
2628,20,11,1698,0,16,2,biai3,piai3,ㄅㄧㄞˇ,p
2628,2,13,2068,1,1580,2,biai3,piai3,ㄅㄧㄞˇ,p
2628,22,17,2628,0,3939,2,biai3,piai3,ㄅㄧㄞˇ,p
2628,1,13,2019,0,2160,2,biai3,piai3,ㄅㄧㄞˇ,p
2628,8,13,1992,1,1320,2,biai3,piai3,ㄅㄧㄞˇ,p
2636,8,18,2731,1,1794,2,bva2,pya2,ㄅㄩㄚˊ,p
2636,2,18,2851,0,767,2,bva2,pya2,ㄅㄩㄚˊ,p
2636,22,19,3006,0,834,2,bva2,pya2,ㄅㄩㄚˊ,p
2636,1,12,1843,0,1051,2,bva2,pya2,ㄅㄩㄚˊ,p
2636,20,17,2588,0,77,2,bva2,pya2,ㄅㄩㄚˊ,p
2645,2,18,2738,0,660,2,bia2,pia2,ㄅㄧㄚˊ,p
2645,1,20,3173,0,686,2,bia2,pia2,ㄅㄧㄚˊ,p
2645,20,15,2379,0,2530,2,bia2,pia2,ㄅㄧㄚˊ,p
2645,22,11,1750,0,1261,2,bia2,pia2,ㄅㄧㄚˊ,p
2645,8,19,2883,0,1004,2,bia2,pia2,ㄅㄧㄚˊ,p
2654,2,21,3246,0,940,2,bio2,pio2,ㄅㄧㄛˊ,p
2654,8,13,1973,1,1681,2,bio2,pio2,ㄅㄧㄛˊ,p
2654,20,14,2107,0,319,2,bio2,pio2,ㄅㄧㄛˊ,p
2654,22,14,2219,0,1998,2,bio2,pio2,ㄅㄧㄛˊ,p
2654,1,14,2121,0,1279,2,bio2,pio2,ㄅㄧㄛˊ,p
2673,1,14,2087,1,3049,2,bun3,pun3,ㄅㄨㄣˇ,p
2673,22,16,2551,0,679,2,bun3,pun3,ㄅㄨㄣˇ,p
2673,20,18,2815,0,72,2,bun3,pun3,ㄅㄨㄣˇ,p
2673,2,17,2608,0,661,2,bun3,pun3,ㄅㄨㄣˇ,p
2673,8,18,2820,1,1294,2,bun3,pun3,ㄅㄨㄣˇ,p
2674,22,13,2054,0,965,2,bei2,pei2,ㄅㄟˊ,p
2674,8,16,2482,0,1452,2,bei2,pei2,ㄅㄟˊ,p
2674,2,20,3193,0,898,2,bei2,pei2,ㄅㄟˊ,p
2674,20,11,1705,0,640,2,bei2,pei2,ㄅㄟˊ,p
2674,1,12,1916,0,1372,2,bei2,pei2,ㄅㄟˊ,p
2694,8,17,2707,1,1161,2,bvan4,py[n4,ㄅㄩㄢˋ,p
2694,22,13,1971,0,884,2,bvan4,py[n4,ㄅㄩㄢˋ,p
2694,2,14,2199,0,1197,2,bvan4,py[n4,ㄅㄩㄢˋ,p
2694,1,20,3071,0,828,2,bvan4,py[n4,ㄅㄩㄢˋ,p
2694,20,17,2586,0,39,2,bvan4,py[n4,ㄅㄩㄢˋ,p
2709,8,20,3100,0,1842,2,zhvn2,Zyn2,ㄓㄩㄣˊ,Z
2709,20,19,2964,0,167,2,zhvn2,Zyn2,ㄓㄩㄣˊ,Z
2709,1,18,2794,0,940,2,zhvn2,Zyn2,ㄓㄩㄣˊ,Z
2709,2,16,2471,0,1038,2,zhvn2,Zyn2,ㄓㄩㄣˊ,Z
2709,22,19,2886,0,714,2,zhvn2,Zyn2,ㄓㄩㄣˊ,Z
2717,8,21,3209,1,1471,2,zhiei1,Ziei1,ㄓㄧㄟ,Z
2717,2,13,1957,0,863,2,zhiei1,Ziei1,ㄓㄧㄟ,Z
2717,20,15,2373,0,3,2,zhiei1,Ziei1,ㄓㄧㄟ,Z
2717,1,14,2170,0,936,2,zhiei1,Ziei1,ㄓㄧㄟ,Z
2717,22,19,2912,0,1808,2,zhiei1,Ziei1,ㄓㄧㄟ,Z
2720,8,19,2926,1,1500,2,zhang2,ZaN2,ㄓㄤˊ,Z
2720,1,17,2568,1,2297,2,zhang2,ZaN2,ㄓㄤˊ,Z
2720,2,14,2189,0,828,2,zhang2,ZaN2,ㄓㄤˊ,Z
2720,22,15,2337,0,997,2,zhang2,ZaN2,ㄓㄤˊ,Z
2720,20,16,2400,0,377,2,zhang2,ZaN2,ㄓㄤˊ,Z
2724,8,14,2225,1,1870,2,zhun2,Zun2,ㄓㄨㄣˊ,Z
2724,20,14,2207,0,93,2,zhun2,Zun2,ㄓㄨㄣˊ,Z
2724,22,12,1814,0,923,2,zhun2,Zun2,ㄓㄨㄣˊ,Z
2724,2,19,2917,0,741,2,zhun2,Zun2,ㄓㄨㄣˊ,Z
2724,1,11,1746,0,1181,2,zhun2,Zun2,ㄓㄨㄣˊ,Z
2734,1,13,2074,0,1350,2,bie1,pi^1,ㄅㄧㄜ,p
2734,22,11,1640,0,1878,2,bie1,pi^1,ㄅㄧㄜ,p
2734,2,20,3130,0,689,2,bie1,pi^1,ㄅㄧㄜ,p
2734,8,20,3146,0,923,2,bie1,pi^1,ㄅㄧㄜ,p
2734,20,19,2921,0,137,2,bie1,pi^1,ㄅㄧㄜ,p
2736,8,20,3043,1,770,2,zhiang1,ZiaN1,ㄓㄧㄤ,Z
2736,2,14,2188,0,646,2,zhiang1,ZiaN1,ㄓㄧㄤ,Z
2736,1,17,2691,0,1002,2,zhiang1,ZiaN1,ㄓㄧㄤ,Z
2736,22,14,2092,0,1792,2,zhiang1,ZiaN1,ㄓㄧㄤ,Z
2736,20,15,2247,0,175,2,zhiang1,ZiaN1,ㄓㄧㄤ,Z
2751,2,16,2516,0,850,2,buai2,puai2,ㄅㄨㄞˊ,p
2751,1,11,1624,0,636,2,buai2,puai2,ㄅㄨㄞˊ,p
2751,22,20,3189,0,626,2,buai2,puai2,ㄅㄨㄞˊ,p
2751,8,15,2293,1,1870,2,buai2,puai2,ㄅㄨㄞˊ,p
2751,20,17,2603,0,106,2,buai2,puai2,ㄅㄨㄞˊ,p
2762,20,13,2045,0,78,2,zhia4,Zia4,ㄓㄧㄚˋ,Z
2762,8,15,2245,1,1712,2,zhia4,Zia4,ㄓㄧㄚˋ,Z
2762,1,16,2411,0,922,2,zhia4,Zia4,ㄓㄧㄚˋ,Z
2762,2,18,2807,0,891,2,zhia4,Zia4,ㄓㄧㄚˋ,Z
2762,22,19,2883,0,2168,2,zhia4,Zia4,ㄓㄧㄚˋ,Z
2763,2,15,2288,0,837,2,zhva4,Zya4,ㄓㄩㄚˋ,Z
2763,8,21,3268,1,1239,2,zhva4,Zya4,ㄓㄩㄚˋ,Z
2763,20,18,2839,0,93,2,zhva4,Zya4,ㄓㄩㄚˋ,Z
2763,1,17,2604,0,1606,2,zhva4,Zya4,ㄓㄩㄚˋ,Z
2763,22,12,1767,0,2265,2,zhva4,Zya4,ㄓㄩㄚˋ,Z
2795,8,14,2224,1,1632,2,zhei2,Zei2,ㄓㄟˊ,Z
2795,1,19,2882,0,1198,2,zhei2,Zei2,ㄓㄟˊ,Z
2795,20,14,2177,0,168,2,zhei2,Zei2,ㄓㄟˊ,Z
2795,22,14,2135,0,1369,2,zhei2,Zei2,ㄓㄟˊ,Z
2795,2,19,2968,0,768,2,zhei2,Zei2,ㄓㄟˊ,Z
2802,2,18,2833,0,685,2,ben2,pen2,ㄅㄣˊ,p
2802,20,11,1627,0,385,2,ben2,pen2,ㄅㄣˊ,p
2802,22,15,2323,0,1050,2,ben2,pen2,ㄅㄣˊ,p
2802,8,18,2832,0,1201,2,ben2,pen2,ㄅㄣˊ,p
2802,1,18,2753,0,3039,2,ben2,pen2,ㄅㄣˊ,p
2819,8,18,2787,1,1959,2,zhvo4,Zyo4,ㄓㄩㄛˋ,Z
2819,20,20,3050,0,396,2,zhvo4,Zyo4,ㄓㄩㄛˋ,Z
2819,22,20,3128,0,815,2,zhvo4,Zyo4,ㄓㄩㄛˋ,Z
2819,1,14,2092,0,1591,2,zhvo4,Zyo4,ㄓㄩㄛˋ,Z
2819,2,19,3015,0,654,2,zhvo4,Zyo4,ㄓㄩㄛˋ,Z
2831,1,20,3067,0,1851,2,zhin2,Zin2,ㄓㄧㄣˊ,Z
2831,22,21,3204,0,568,2,zhin2,Zin2,ㄓㄧㄣˊ,Z
2831,8,17,2654,0,1168,2,zhin2,Zin2,ㄓㄧㄣˊ,Z
2831,20,16,2483,0,48,2,zhin2,Zin2,ㄓㄧㄣˊ,Z
2831,2,13,1995,0,536,2,zhin2,Zin2,ㄓㄧㄣˊ,Z
2834,1,15,2380,0,1358,2,zhiong1,ZioN1,ㄓㄩㄥ,Z
2834,22,13,1942,0,1881,2,zhiong1,ZioN1,ㄓㄩㄥ,Z
2834,2,14,2202,0,892,2,zhiong1,ZioN1,ㄓㄩㄥ,Z
2834,8,18,2738,1,3016,2,zhiong1,ZioN1,ㄓㄩㄥ,Z
2834,20,14,2214,0,58,2,zhiong1,ZioN1,ㄓㄩㄥ,Z
2835,2,11,1601,0,1215,2,bv3,py3,ㄅㄩˇ,p
2835,22,16,2523,0,603,2,bv3,py3,ㄅㄩˇ,p
2835,1,17,2635,0,930,2,bv3,py3,ㄅㄩˇ,p
2835,8,14,2185,0,2168,2,bv3,py3,ㄅㄩˇ,p
2835,20,17,2656,0,236,2,bv3,py3,ㄅㄩˇ,p
2841,2,17,2713,0,1122,2,zhue4,Zu^4,ㄓㄨㄜˋ,Z
2841,20,15,2314,0,32,2,zhue4,Zu^4,ㄓㄨㄜˋ,Z
2841,1,18,2855,0,1217,2,zhue4,Zu^4,ㄓㄨㄜˋ,Z
2841,8,13,2045,1,2144,2,zhue4,Zu^4,ㄓㄨㄜˋ,Z
2841,22,20,3173,0,1137,2,zhue4,Zu^4,ㄓㄨㄜˋ,Z
2846,20,21,3247,0,1756,2,zhing4,ZiN4,ㄓㄧㄥˋ,Z
2846,1,13,2010,0,912,2,zhing4,ZiN4,ㄓㄧㄥˋ,Z
2846,2,16,2449,0,727,2,zhing4,ZiN4,ㄓㄧㄥˋ,Z
2846,8,14,2084,1,1765,2,zhing4,ZiN4,ㄓㄧㄥˋ,Z
2846,22,15,2371,0,387,2,zhing4,ZiN4,ㄓㄧㄥˋ,Z
2847,2,17,2671,0,651,2,zhuao4,Zuau4,ㄓㄨㄠˋ,Z
2847,1,20,3069,0,568,2,zhuao4,Zuau4,ㄓㄨㄠˋ,Z
2847,20,18,2742,0,185,2,zhuao4,Zuau4,ㄓㄨㄠˋ,Z
2847,8,11,1688,1,1368,2,zhuao4,Zuau4,ㄓㄨㄠˋ,Z
2847,22,14,2133,0,535,2,zhuao4,Zuau4,ㄓㄨㄠˋ,Z
2859,8,15,2366,0,1580,2,bong2,poN2,ㄅㄨㄥˊ,p
2859,1,19,2900,0,2242,2,bong2,poN2,ㄅㄨㄥˊ,p
2859,20,11,1710,0,165,2,bong2,poN2,ㄅㄨㄥˊ,p
2859,2,11,1669,0,2063,2,bong2,poN2,ㄅㄨㄥˊ,p
2859,22,20,3045,0,649,2,bong2,poN2,ㄅㄨㄥˊ,p
2868,8,17,2712,1,1278,2,buai3,puai3,ㄅㄨㄞˇ,p
2868,22,14,2198,0,514,2,buai3,puai3,ㄅㄨㄞˇ,p
2868,1,20,3184,0,716,2,buai3,puai3,ㄅㄨㄞˇ,p
2868,2,18,2875,0,632,2,buai3,puai3,ㄅㄨㄞˇ,p
2868,20,12,1891,0,97,2,buai3,puai3,ㄅㄨㄞˇ,p
2876,8,15,2371,1,1546,2,bvi4,pyei4,ㄅㄩㄟˋ,p
2876,20,19,2896,0,260,2,bvi4,pyei4,ㄅㄩㄟˋ,p
2876,22,13,2005,0,1917,2,bvi4,pyei4,ㄅㄩㄟˋ,p
2876,1,14,2166,0,776,2,bvi4,pyei4,ㄅㄩㄟˋ,p
2876,2,17,2597,0,736,2,bvi4,pyei4,ㄅㄩㄟˋ,p
2882,20,20,3125,0,221,2,zhie3,Zi^3,ㄓㄧㄜˇ,Z
2882,2,21,3201,0,841,2,zhie3,Zi^3,ㄓㄧㄜˇ,Z
2882,22,20,3101,0,2799,2,zhie3,Zi^3,ㄓㄧㄜˇ,Z
2882,1,12,1912,0,1697,2,zhie3,Zi^3,ㄓㄧㄜˇ,Z
2882,8,19,2978,1,1394,2,zhie3,Zi^3,ㄓㄧㄜˇ,Z
2886,1,15,2360,0,703,2,bua1,pua1,ㄅㄨㄚ,p
2886,8,16,2404,0,1585,2,bua1,pua1,ㄅㄨㄚ,p
2886,20,12,1802,0,515,2,bua1,pua1,ㄅㄨㄚ,p
2886,22,14,2214,0,1126,2,bua1,pua1,ㄅㄨㄚ,p
2886,2,16,2487,0,889,2,bua1,pua1,ㄅㄨㄚ,p
2891,20,15,2344,0,532,2,zhvou2,Zyou2,ㄓㄩㄡˊ,Z
2891,22,14,2110,0,2761,2,zhvou2,Zyou2,ㄓㄩㄡˊ,Z
2891,2,13,1992,0,714,2,zhvou2,Zyou2,ㄓㄩㄡˊ,Z
2891,1,13,1989,0,707,2,zhvou2,Zyou2,ㄓㄩㄡˊ,Z
2891,8,13,1967,1,3037,2,zhvou2,Zyou2,ㄓㄩㄡˊ,Z
2892,22,20,3069,0,1017,2,zhvao2,Zyau2,ㄓㄩㄠˊ,Z
2892,20,20,3061,0,487,2,zhvao2,Zyau2,ㄓㄩㄠˊ,Z
2892,1,12,1766,0,475,2,zhvao2,Zyau2,ㄓㄩㄠˊ,Z
2892,8,16,2413,0,2362,2,zhvao2,Zyau2,ㄓㄩㄠˊ,Z
2892,2,17,2605,0,661,2,zhvao2,Zyau2,ㄓㄩㄠˊ,Z
2898,22,13,2067,1,2923,2,be1,pe1,ㄅㄝ,p
2898,8,20,3154,0,1019,2,be1,pe1,ㄅㄝ,p
2898,20,15,2369,0,16,2,be1,pe1,ㄅㄝ,p
2898,1,20,3182,1,2663,2,be1,pe1,ㄅㄝ,p
2898,2,13,1950,0,1889,2,be1,pe1,ㄅㄝ,p
2916,8,19,3010,0,1540,2,zhie1,Zi^1,ㄓㄧㄜ,Z
2916,2,15,2353,0,719,2,zhie1,Zi^1,ㄓㄧㄜ,Z
2916,20,13,2067,0,172,2,zhie1,Zi^1,ㄓㄧㄜ,Z
2916,22,14,2239,0,625,2,zhie1,Zi^1,ㄓㄧㄜ,Z
2916,1,21,3242,0,638,2,zhie1,Zi^1,ㄓㄧㄜ,Z
2940,22,15,2249,0,615,2,zhvi1,Zyei1,ㄓㄩㄟ,Z
2940,1,18,2875,0,1245,2,zhvi1,Zyei1,ㄓㄩㄟ,Z
2940,2,15,2312,0,1722,2,zhvi1,Zyei1,ㄓㄩㄟ,Z
2940,20,17,2665,0,129,2,zhvi1,Zyei1,ㄓㄩㄟ,Z
2940,8,18,2772,1,1179,2,zhvi1,Zyei1,ㄓㄩㄟ,Z
2975,22,17,2701,0,738,2,zhia2,Zia2,ㄓㄧㄚˊ,Z
2975,2,20,3109,0,829,2,zhia2,Zia2,ㄓㄧㄚˊ,Z
2975,8,11,1706,1,2179,2,zhia2,Zia2,ㄓㄧㄚˊ,Z
2975,1,11,1727,0,758,2,zhia2,Zia2,ㄓㄧㄚˊ,Z
2975,20,15,2326,0,67,2,zhia2,Zia2,ㄓㄧㄚˊ,Z
2981,22,15,2242,0,522,2,bvang4,pyaN4,ㄅㄩㄤˋ,p
2981,2,14,2112,0,1657,2,bvang4,pyaN4,ㄅㄩㄤˋ,p
2981,1,17,2701,0,1124,2,bvang4,pyaN4,ㄅㄩㄤˋ,p
2981,20,13,2035,0,723,2,bvang4,pyaN4,ㄅㄩㄤˋ,p
2981,8,16,2548,1,1612,2,bvang4,pyaN4,ㄅㄩㄤˋ,p
3012,22,16,2439,0,3082,2,zhin3,Zin3,ㄓㄧㄣˇ,Z
3012,8,17,2719,1,1054,2,zhin3,Zin3,ㄓㄧㄣˇ,Z
3012,1,12,1905,0,859,2,zhin3,Zin3,ㄓㄧㄣˇ,Z
3012,2,13,2050,0,435,2,zhin3,Zin3,ㄓㄧㄣˇ,Z
3012,20,13,1953,0,194,2,zhin3,Zin3,ㄓㄧㄣˇ,Z
3016,22,18,2734,0,1087,2,buou3,puou3,ㄅㄨㄡˇ,p
3016,1,12,1831,0,700,2,buou3,puou3,ㄅㄨㄡˇ,p
3016,2,13,1923,0,1401,2,buou3,puou3,ㄅㄨㄡˇ,p
3016,20,19,2987,0,79,2,buou3,puou3,ㄅㄨㄡˇ,p
3016,8,20,3145,0,758,2,buou3,puou3,ㄅㄨㄡˇ,p
3021,22,15,2358,1,3219,2,zhuou1,Zuou1,ㄓㄨㄡ,Z
3021,2,13,2018,0,1275,2,zhuou1,Zuou1,ㄓㄨㄡ,Z
3021,8,17,2568,1,1270,2,zhuou1,Zuou1,ㄓㄨㄡ,Z
3021,20,14,2114,0,231,2,zhuou1,Zuou1,ㄓㄨㄡ,Z
3021,1,14,2163,0,2270,2,zhuou1,Zuou1,ㄓㄨㄡ,Z
3023,2,14,2100,0,680,2,buo3,puo3,ㄅㄨㄛˇ,p
3023,8,18,2867,0,2115,2,buo3,puo3,ㄅㄨㄛˇ,p
3023,1,14,2236,0,1278,2,buo3,puo3,ㄅㄨㄛˇ,p
3023,22,19,3035,0,1298,2,buo3,puo3,ㄅㄨㄛˇ,p
3023,20,18,2874,0,163,2,buo3,puo3,ㄅㄨㄛˇ,p
3027,2,13,1991,0,733,2,bui4,pui4,ㄅㄨㄟˋ,p
3027,20,13,1994,0,68,2,bui4,pui4,ㄅㄨㄟˋ,p
3027,1,20,3153,0,702,2,bui4,pui4,ㄅㄨㄟˋ,p
3027,22,13,2045,0,1923,2,bui4,pui4,ㄅㄨㄟˋ,p
3027,8,20,3087,0,1621,2,bui4,pui4,ㄅㄨㄟˋ,p
3040,8,14,2232,1,2314,2,biang2,piaN2,ㄅㄧㄤˊ,p
3040,20,15,2341,0,126,2,biang2,piaN2,ㄅㄧㄤˊ,p
3040,22,19,2931,0,895,2,biang2,piaN2,ㄅㄧㄤˊ,p
3040,2,13,1975,0,1446,2,biang2,piaN2,ㄅㄧㄤˊ,p
3040,1,15,2250,0,962,2,biang2,piaN2,ㄅㄧㄤˊ,p
3044,22,21,3259,0,813,2,zhiai4,Ziai4,ㄓㄧㄞˋ,Z
3044,2,14,2177,0,524,2,zhiai4,Ziai4,ㄓㄧㄞˋ,Z
3044,20,21,3244,0,227,2,zhiai4,Ziai4,ㄓㄧㄞˋ,Z
3044,1,11,1757,0,643,2,zhiai4,Ziai4,ㄓㄧㄞˋ,Z
3044,8,20,3190,1,427,2,zhiai4,Ziai4,ㄓㄧㄞˋ,Z
3053,1,16,2483,0,2061,2,zhvang1,ZyaN1,ㄓㄩㄤ,Z
3053,8,19,3000,1,947,2,zhvang1,ZyaN1,ㄓㄩㄤ,Z
3053,20,11,1634,0,149,2,zhvang1,ZyaN1,ㄓㄩㄤ,Z
3053,22,16,2524,1,2707,2,zhvang1,ZyaN1,ㄓㄩㄤ,Z
3053,2,18,2763,0,552,2,zhvang1,ZyaN1,ㄓㄩㄤ,Z
3087,8,13,2031,0,2226,2,zhue1,Zu^1,ㄓㄨㄜ,Z
3087,1,18,2864,0,1184,2,zhue1,Zu^1,ㄓㄨㄜ,Z
3087,2,16,2551,0,621,2,zhue1,Zu^1,ㄓㄨㄜ,Z
3087,20,15,2396,0,532,2,zhue1,Zu^1,ㄓㄨㄜ,Z
3087,22,17,2713,0,1390,2,zhue1,Zu^1,ㄓㄨㄜ,Z
3098,8,16,2508,1,2031,2,bvn4,pyn4,ㄅㄩㄣˋ,p
3098,22,19,2968,0,1056,2,bvn4,pyn4,ㄅㄩㄣˋ,p
3098,2,11,1619,0,1385,2,bvn4,pyn4,ㄅㄩㄣˋ,p
3098,1,17,2682,0,2467,2,bvn4,pyn4,ㄅㄩㄣˋ,p
3098,20,11,1700,0,28,2,bvn4,pyn4,ㄅㄩㄣˋ,p
3112,22,14,2196,0,1140,2,zhve3,Zy^3,ㄓㄩㄜˇ,Z
3112,2,19,2930,0,740,2,zhve3,Zy^3,ㄓㄩㄜˇ,Z
3112,20,15,2255,0,285,2,zhve3,Zy^3,ㄓㄩㄜˇ,Z
3112,8,16,2459,1,2204,2,zhve3,Zy^3,ㄓㄩㄜˇ,Z
3112,1,11,1661,0,488,2,zhve3,Zy^3,ㄓㄩㄜˇ,Z
3128,22,19,2909,0,1268,2,zhiei2,Ziei2,ㄓㄧㄟˊ,Z
3128,20,11,1713,0,119,2,zhiei2,Ziei2,ㄓㄧㄟˊ,Z
3128,2,21,3209,0,764,2,zhiei2,Ziei2,ㄓㄧㄟˊ,Z
3128,1,19,2999,0,648,2,zhiei2,Ziei2,ㄓㄧㄟˊ,Z
3128,8,17,2587,1,2146,2,zhiei2,Ziei2,ㄓㄧㄟˊ,Z
3135,22,14,2101,0,1647,2,zhve2,Zye2,ㄓㄩㄝˊ,Z
3135,1,14,2195,0,977,2,zhve2,Zye2,ㄓㄩㄝˊ,Z
3135,2,20,3069,0,621,2,zhve2,Zye2,ㄓㄩㄝˊ,Z
3135,20,15,2281,0,147,2,zhve2,Zye2,ㄓㄩㄝˊ,Z
3135,8,20,3076,1,1804,2,zhve2,Zye2,ㄓㄩㄝˊ,Z
3136,20,21,3259,0,398,2,biei2,piei2,ㄅㄧㄟˊ,p
3136,1,14,2208,1,1955,2,biei2,piei2,ㄅㄧㄟˊ,p
3136,22,20,3115,0,1155,2,biei2,piei2,ㄅㄧㄟˊ,p
3136,8,14,2205,1,567,2,biei2,piei2,ㄅㄧㄟˊ,p
3136,2,13,2071,0,1143,2,biei2,piei2,ㄅㄧㄟˊ,p
3142,22,12,1914,0,707,2,zhian3,Zi[n3,ㄓㄧㄢˇ,Z
3142,20,14,2140,0,256,2,zhian3,Zi[n3,ㄓㄧㄢˇ,Z
3142,8,14,2094,1,1617,2,zhian3,Zi[n3,ㄓㄧㄢˇ,Z
3142,2,15,2399,0,889,2,zhian3,Zi[n3,ㄓㄧㄢˇ,Z
3142,1,16,2557,0,1924,2,zhian3,Zi[n3,ㄓㄧㄢˇ,Z
3148,2,13,2029,0,715,2,zhua2,Zua2,ㄓㄨㄚˊ,Z
3148,8,12,1800,1,2611,2,zhua2,Zua2,ㄓㄨㄚˊ,Z
3148,20,18,2859,0,376,2,zhua2,Zua2,ㄓㄨㄚˊ,Z
3148,1,14,2183,0,1753,2,zhua2,Zua2,ㄓㄨㄚˊ,Z
3148,22,17,2684,0,1524,2,zhua2,Zua2,ㄓㄨㄚˊ,Z
3156,22,18,2835,0,772,2,zhua3,Zua3,ㄓㄨㄚˇ,Z
3156,20,16,2458,0,209,2,zhua3,Zua3,ㄓㄨㄚˇ,Z
3156,1,16,2531,0,1405,2,zhua3,Zua3,ㄓㄨㄚˇ,Z
3156,8,13,2003,1,1417,2,zhua3,Zua3,ㄓㄨㄚˇ,Z
3156,2,12,1875,0,428,2,zhua3,Zua3,ㄓㄨㄚˇ,Z
3158,2,14,2113,0,1259,2,zhvan4,Zy[n4,ㄓㄩㄢˋ,Z
3158,1,20,3143,0,1493,2,zhvan4,Zy[n4,ㄓㄩㄢˋ,Z
3158,8,13,2050,1,1500,2,zhvan4,Zy[n4,ㄓㄩㄢˋ,Z
3158,22,16,2529,0,2134,2,zhvan4,Zy[n4,ㄓㄩㄢˋ,Z
3158,20,18,2826,0,239,2,zhvan4,Zy[n4,ㄓㄩㄢˋ,Z
3169,20,13,2049,0,137,2,bie2,pi^2,ㄅㄧㄜˊ,p
3169,1,11,1736,0,792,2,bie2,pi^2,ㄅㄧㄜˊ,p
3169,8,17,2579,1,1858,2,bie2,pi^2,ㄅㄧㄜˊ,p
3169,2,11,1688,0,560,2,bie2,pi^2,ㄅㄧㄜˊ,p
3169,22,12,1889,0,1321,2,bie2,pi^2,ㄅㄧㄜˊ,p
3186,8,14,2158,1,1433,2,bvn2,pyn2,ㄅㄩㄣˊ,p
3186,22,19,2984,0,1668,2,bvn2,pyn2,ㄅㄩㄣˊ,p
3186,1,12,1909,0,797,2,bvn2,pyn2,ㄅㄩㄣˊ,p
3186,2,14,2221,0,473,2,bvn2,pyn2,ㄅㄩㄣˊ,p
3186,20,17,2607,0,88,2,bvn2,pyn2,ㄅㄩㄣˊ,p
3196,2,12,1846,0,852,2,zhing2,ZiN2,ㄓㄧㄥˊ,Z
3196,22,12,1887,0,1420,2,zhing2,ZiN2,ㄓㄧㄥˊ,Z
3196,1,15,2385,0,1641,2,zhing2,ZiN2,ㄓㄧㄥˊ,Z
3196,8,11,1705,1,3893,2,zhing2,ZiN2,ㄓㄧㄥˊ,Z
3196,20,12,1842,0,251,2,zhing2,ZiN2,ㄓㄧㄥˊ,Z
3219,22,13,2062,0,1079,2,zhvou1,Zyou1,ㄓㄩㄡ,Z
3219,8,15,2263,1,836,2,zhvou1,Zyou1,ㄓㄩㄡ,Z
3219,1,13,1945,0,484,2,zhvou1,Zyou1,ㄓㄩㄡ,Z
3219,2,16,2499,0,1300,2,zhvou1,Zyou1,ㄓㄩㄡ,Z
3219,20,20,3142,0,102,2,zhvou1,Zyou1,ㄓㄩㄡ,Z
3254,2,13,1972,0,555,2,zhvan2,Zy[n2,ㄓㄩㄢˊ,Z
3254,20,11,1607,0,151,2,zhvan2,Zy[n2,ㄓㄩㄢˊ,Z
3254,1,18,2757,0,2024,2,zhvan2,Zy[n2,ㄓㄩㄢˊ,Z
3254,8,18,2776,1,2788,2,zhvan2,Zy[n2,ㄓㄩㄢˊ,Z
3254,22,16,2464,0,586,2,zhvan2,Zy[n2,ㄓㄩㄢˊ,Z
3263,1,11,1735,0,893,2,zhie1,Zi[1,ㄓㄧㄝ,Z
3263,2,16,2535,0,735,2,zhie1,Zi[1,ㄓㄧㄝ,Z
3263,8,16,2485,1,1620,2,zhie1,Zi[1,ㄓㄧㄝ,Z
3263,22,18,2812,0,809,2,zhie1,Zi[1,ㄓㄧㄝ,Z
3263,20,17,2717,0,112,2,zhie1,Zi[1,ㄓㄧㄝ,Z
3265,2,18,2819,0,619,2,bin3,pin3,ㄅㄧㄣˇ,p
3265,8,13,2052,1,2327,2,bin3,pin3,ㄅㄧㄣˇ,p
3265,22,19,2926,0,617,2,bin3,pin3,ㄅㄧㄣˇ,p
3265,1,15,2330,0,2108,2,bin3,pin3,ㄅㄧㄣˇ,p
3265,20,13,1938,0,6,2,bin3,pin3,ㄅㄧㄣˇ,p
